model_id,operation,scenario,paired_cases,speedup_mean,speedup_median,speedup_ci95_low,speedup_ci95_high,memory_ratio_mean,memory_ratio_median,memory_ratio_ci95_low,memory_ratio_ci95_high,storage_ratio_mean,kernel_confirmed,conclusion,canonical_source,canonical_source_priority,canonical_table,method_family,evidence_level,measurement_label,physical_kernel_status
facebook/opt-1.3b,model_prefill,attention_int8_dynamic,30,0.9667680040843121,0.9819465244017985,0.878338234754103,1.0485301436959418,0.8533444805022496,0.8472597372205579,0.8472591430461461,0.8509997885740365,0.8471375649845901,False,mista,modelos_opt_v1_2026-09-15,100,model_performance_summary,int8_dynamic,C_physical_acceleration_candidate,model_prefill,not_confirmed
facebook/opt-1.3b,model_prefill,attention_int8_weight_only,30,0.033087014096786424,0.02834014939074978,0.027470515567771192,0.028760953527014264,0.8529904998180448,0.8472594995515699,0.8472418188548809,0.8480069523144975,0.8471375649845901,False,contradita,modelos_opt_v1_2026-09-15,100,model_performance_summary,int8_weight_only,B_physical_compression,model_prefill,not_confirmed
facebook/opt-1.3b,model_prefill,attention_pruning_2to4,30,0.8111243214081948,0.8341584911747015,0.7800939489534684,0.8745461458022045,0.8759559304962926,0.8661562098284792,0.8661556891631754,0.8702774293343767,0.8661146219219874,False,contradita,modelos_opt_v1_2026-09-15,100,model_performance_summary,pruning_2to4,C_physical_acceleration_candidate,model_prefill,not_confirmed
facebook/opt-1.3b,model_prefill,blocks_int8_dynamic,30,1.221286347599446,1.271037818102575,0.9576284736737473,1.3998361622668922,0.5599094033532015,0.5416104467593507,0.5415573852161948,0.5433059470934235,0.5413006257198892,False,mista,modelos_opt_v1_2026-09-15,100,model_performance_summary,int8_dynamic,C_physical_acceleration_candidate,model_prefill,not_confirmed
facebook/opt-1.3b,model_prefill,blocks_int8_weight_only,30,0.011443788905003954,0.009755249305031216,0.009433309965260674,0.009813899289336719,0.5603606177010111,0.5416111600278091,0.5416093768508363,0.5509185538579251,0.5413006257198892,False,contradita,modelos_opt_v1_2026-09-15,100,model_performance_summary,int8_weight_only,B_physical_compression,model_prefill,not_confirmed
facebook/opt-1.3b,model_prefill,blocks_pruning_2to4,30,0.8836647780359068,0.8933518817174482,0.8071247038858127,0.924439743023846,0.6221839621539111,0.6022529033146918,0.6022513560399724,0.6116693908659947,0.5983438657659621,False,contradita,modelos_opt_v1_2026-09-15,100,model_performance_summary,pruning_2to4,C_physical_acceleration_candidate,model_prefill,not_confirmed
facebook/opt-1.3b,model_ttft,attention_int8_dynamic,12,0.9728476217959265,0.9827835200791306,0.8774825843829752,1.0731727256511017,0.8472418930513456,0.84724175938302,0.8472241677171819,0.8472596183855092,0.8471375649845906,False,mista,modelos_opt_v1_2026-09-15,100,model_performance_summary,int8_dynamic,C_physical_acceleration_candidate,prefill_to_first_logit,not_confirmed
facebook/opt-1.3b,model_ttft,attention_int8_weight_only,12,0.030386553452044805,0.027353757260031045,0.027074255934107956,0.033662947383683514,0.8472418930513456,0.84724175938302,0.8472241677171819,0.8472596183855092,0.8471375649845906,False,contradita,modelos_opt_v1_2026-09-15,100,model_performance_summary,int8_weight_only,B_physical_compression,prefill_to_first_logit,not_confirmed
facebook/opt-1.3b,model_ttft,attention_pruning_2to4,12,0.8331945131892753,0.8177573068176687,0.7786426447553384,0.8869641457799562,0.8661405732753112,0.8661404561439472,0.8661250408553496,0.8661561056952726,0.8661146219219874,False,contradita,modelos_opt_v1_2026-09-15,100,model_performance_summary,pruning_2to4,C_physical_acceleration_candidate,prefill_to_first_logit,not_confirmed
facebook/opt-1.3b,model_ttft,blocks_int8_dynamic,12,1.2467179042506562,1.2559142455693815,0.9961510783807255,1.5117430460988817,0.5415576078872227,0.5415572067351784,0.5415044123825304,0.541610803391915,0.541300625719889,False,mista,modelos_opt_v1_2026-09-15,100,model_performance_summary,int8_dynamic,C_physical_acceleration_candidate,prefill_to_first_logit,not_confirmed
facebook/opt-1.3b,model_ttft,blocks_int8_weight_only,12,0.010441775270671859,0.009341498508661124,0.009242132365986536,0.011606596501641992,0.5415576078872227,0.5415572067351784,0.5415044123825304,0.541610803391915,0.541300625719889,False,contradita,modelos_opt_v1_2026-09-15,100,model_performance_summary,int8_weight_only,B_physical_compression,prefill_to_first_logit,not_confirmed
facebook/opt-1.3b,model_ttft,blocks_pruning_2to4,12,0.9258992145896942,0.9148508122324799,0.8729749475866047,0.9319045545843294,0.6022064357601135,0.6022060876777715,0.6021602776609125,0.6022525938593146,0.598343865765962,False,contradita,modelos_opt_v1_2026-09-15,100,model_performance_summary,pruning_2to4,C_physical_acceleration_candidate,prefill_to_first_logit,not_confirmed
facebook/opt-125m,model_prefill,attention_int8_dynamic,30,0.8152402808915084,0.8058506932225611,0.6766580770746706,0.932063719205368,0.8861868145026764,0.8690216776744778,0.8690164834837991,0.886178037160992,0.8872645211930925,False,contradita,modelos_opt_v1_2026-09-15,100,model_performance_summary,int8_dynamic,C_physical_acceleration_candidate,model_prefill,not_confirmed
facebook/opt-125m,model_prefill,attention_int8_weight_only,30,0.06798039291088202,0.05530637047993936,0.05083400272027057,0.06541435423698835,0.8918454254269099,0.8725748151234973,0.8725697618391388,0.8969308109064359,0.8872645211930925,False,contradita,modelos_opt_v1_2026-09-15,100,model_performance_summary,int8_weight_only,B_physical_compression,model_prefill,not_confirmed
facebook/opt-125m,model_prefill,attention_pruning_2to4,30,0.6484101974919836,0.6580323281812002,0.6211496579904635,0.6797537121793978,0.9004301954912756,0.8822507697837739,0.8822461002175194,0.9070234110557529,0.9010989010989012,False,contradita,modelos_opt_v1_2026-09-15,100,model_performance_summary,pruning_2to4,C_physical_acceleration_candidate,model_prefill,not_confirmed
facebook/opt-125m,model_prefill,blocks_int8_dynamic,30,0.7556491595492836,0.7701631045122492,0.6104240625374618,0.9422568977615879,0.682521247710159,0.6467280416805479,0.6459037636363998,0.6467644627197983,0.6615728021978023,False,contradita,modelos_opt_v1_2026-09-15,100,model_performance_summary,int8_dynamic,C_physical_acceleration_candidate,model_prefill,not_confirmed
facebook/opt-125m,model_prefill,blocks_int8_weight_only,30,0.024509143314620063,0.01941496845264841,0.01779657425139073,0.023572307455019363,0.6905346148729101,0.6467364471305672,0.6467224378027574,0.6838258817547016,0.6615728021978023,False,contradita,modelos_opt_v1_2026-09-15,100,model_performance_summary,int8_weight_only,B_physical_compression,model_prefill,not_confirmed
facebook/opt-125m,model_prefill,blocks_pruning_2to4,30,0.6210659076389321,0.6038010142046142,0.5532399966250034,0.69001955166598,0.7367827655542342,0.696714339172971,0.6967023118120729,0.7456788084617614,0.7032967032967036,False,contradita,modelos_opt_v1_2026-09-15,100,model_performance_summary,pruning_2to4,C_physical_acceleration_candidate,model_prefill,not_confirmed
facebook/opt-125m,model_ttft,attention_int8_dynamic,12,0.8057880633611273,0.7991368463245893,0.7053394126253705,0.9015270702062862,0.8688653575086954,0.8688641906857195,0.8687100761958786,0.8690206388215119,0.8872645211930926,False,contradita,modelos_opt_v1_2026-09-15,100,model_performance_summary,int8_dynamic,C_physical_acceleration_candidate,prefill_to_first_logit,not_confirmed
facebook/opt-125m,model_ttft,attention_int8_weight_only,12,0.060875778663009965,0.0526913147077267,0.04700163215234303,0.07395390068173616,0.8724227355604741,0.8724216003906937,0.8722716666687507,0.8725738044521978,0.8872645211930926,False,contradita,modelos_opt_v1_2026-09-15,100,model_performance_summary,int8_weight_only,B_physical_compression,prefill_to_first_logit,not_confirmed
facebook/opt-125m,model_ttft,attention_pruning_2to4,12,0.6926805953688532,0.6877672736527289,0.64076987366534,0.7432320765293968,0.8821102382907653,0.8821091893194184,0.88197064072434,0.8822498358571907,0.9010989010989011,False,contradita,modelos_opt_v1_2026-09-15,100,model_performance_summary,pruning_2to4,C_physical_acceleration_candidate,prefill_to_first_logit,not_confirmed
facebook/opt-125m,model_ttft,blocks_int8_dynamic,12,0.7779335485077553,0.7565750464221036,0.628553995169552,0.9291438576906594,0.6463148337202791,0.6463116866649294,0.6458960222155518,0.6467336452250065,0.6615728021978021,False,contradita,modelos_opt_v1_2026-09-15,100,model_performance_summary,int8_dynamic,C_physical_acceleration_candidate,prefill_to_first_logit,not_confirmed
facebook/opt-125m,model_ttft,blocks_int8_weight_only,12,0.02159430820611072,0.01858841451244753,0.016419903520083358,0.02643060355415204,0.6463148337202791,0.6463116866649294,0.6458960222155518,0.6467336452250065,0.6615728021978021,False,contradita,modelos_opt_v1_2026-09-15,100,model_performance_summary,int8_weight_only,B_physical_compression,prefill_to_first_logit,not_confirmed
facebook/opt-125m,model_ttft,blocks_pruning_2to4,12,0.6727641751662871,0.720318299308997,0.5484918914841359,0.7512409541238015,0.6963523734374341,0.6963496716111244,0.6959928132084168,0.6967119336664516,0.7032967032967034,False,contradita,modelos_opt_v1_2026-09-15,100,model_performance_summary,pruning_2to4,C_physical_acceleration_candidate,prefill_to_first_logit,not_confirmed
facebook/opt-350m,model_prefill,attention_int8_dynamic,30,0.8044082295079223,0.7982709981957652,0.775594369572699,0.9032463947450963,0.8608304005099605,0.8488784525829471,0.8488090727237403,0.8553485904609004,0.8483276340768133,False,contradita,modelos_opt_v1_2026-09-15,100,model_performance_summary,int8_dynamic,C_physical_acceleration_candidate,model_prefill,not_confirmed
facebook/opt-350m,model_prefill,attention_int8_weight_only,30,0.04403728601351916,0.03470593173262618,0.033454555966968336,0.04447761772045038,0.8611893802107549,0.8488784525829471,0.8488090727237403,0.8551995314752221,0.8483276340768133,False,contradita,modelos_opt_v1_2026-09-15,100,model_performance_summary,int8_weight_only,B_physical_compression,model_prefill,not_confirmed
facebook/opt-350m,model_prefill,attention_pruning_2to4,30,0.6611318452326622,0.6650991070510699,0.5868931192971288,0.7519694426599316,1.000478371920957,0.9986123756052547,0.9986117385472919,0.998669710412963,0.8670269668618639,False,contradita,modelos_opt_v1_2026-09-15,100,model_performance_summary,pruning_2to4,C_physical_acceleration_candidate,model_prefill,not_confirmed
facebook/opt-350m,model_prefill,blocks_int8_dynamic,30,0.8386835348354383,0.8159270814676036,0.7130164571314188,1.0078375756505396,0.5802786614846873,0.546300928858902,0.5458899400695831,0.5463191155917729,0.5447602911258558,False,mista,modelos_opt_v1_2026-09-15,100,model_performance_summary,int8_dynamic,C_physical_acceleration_candidate,model_prefill,not_confirmed
facebook/opt-350m,model_prefill,blocks_int8_weight_only,30,0.015668590676790644,0.01203695763654394,0.011458396250355435,0.01567155046627546,0.5851109800142392,0.5463051259127358,0.5462981307755581,0.5766687817710892,0.5447602911258558,False,contradita,modelos_opt_v1_2026-09-15,100,model_performance_summary,int8_weight_only,B_physical_compression,model_prefill,not_confirmed
facebook/opt-350m,model_prefill,blocks_pruning_2to4,30,0.6785301751875643,0.7111543159019564,0.5598194975504089,0.7582208690817169,0.7087908415050816,0.6794977447266259,0.6794928031736805,0.6976279792742153,0.6010809005855908,False,contradita,modelos_opt_v1_2026-09-15,100,model_performance_summary,pruning_2to4,C_physical_acceleration_candidate,model_prefill,not_confirmed
facebook/opt-350m,model_ttft,attention_int8_dynamic,12,0.7913858432507089,0.7942870638096429,0.6921680078103082,0.8823730930745992,0.8488093628017465,0.8488088388769863,0.8487398070350354,0.8488789185684572,0.8483276340768132,False,contradita,modelos_opt_v1_2026-09-15,100,model_performance_summary,int8_dynamic,C_physical_acceleration_candidate,prefill_to_first_logit,not_confirmed
facebook/opt-350m,model_ttft,attention_int8_weight_only,12,0.03889925403655558,0.033568608742170394,0.030979024387975507,0.046771813640909654,0.8488093628017465,0.8488088388769863,0.8487398070350354,0.8488789185684572,0.8483276340768132,False,contradita,modelos_opt_v1_2026-09-15,100,model_performance_summary,int8_weight_only,B_physical_compression,prefill_to_first_logit,not_confirmed
facebook/opt-350m,model_ttft,attention_pruning_2to4,12,0.6902752733736567,0.6737413933247118,0.6272711595840951,0.7512624262030572,0.9986117412108388,0.9986117364000703,0.9986111025376625,0.998612379884015,0.8670269668618639,False,contradita,modelos_opt_v1_2026-09-15,100,model_performance_summary,pruning_2to4,C_physical_acceleration_candidate,prefill_to_first_logit,not_confirmed
facebook/opt-350m,model_ttft,blocks_int8_dynamic,12,0.8359991833891627,0.8213035428347975,0.663182277127206,1.008647786756089,0.5460949062958402,0.5460933333669757,0.5458860857141452,0.546303726877535,0.5447602911258558,False,mista,modelos_opt_v1_2026-09-15,100,model_performance_summary,int8_dynamic,C_physical_acceleration_candidate,prefill_to_first_logit,not_confirmed
facebook/opt-350m,model_ttft,blocks_int8_weight_only,12,0.013690900715079958,0.011719875906701552,0.010704057199364582,0.016621895928260372,0.5460949062958402,0.5460933333669757,0.5458860857141452,0.546303726877535,0.5447602911258558,False,contradita,modelos_opt_v1_2026-09-15,100,model_performance_summary,int8_weight_only,B_physical_compression,prefill_to_first_logit,not_confirmed
facebook/opt-350m,model_ttft,blocks_pruning_2to4,12,0.7323836389238362,0.7418122551623452,0.6272172703729589,0.8271425630692402,0.6793492399381306,0.6793481287788974,0.6792017234657097,0.6794967564105514,0.6010809005855907,False,contradita,modelos_opt_v1_2026-09-15,100,model_performance_summary,pruning_2to4,C_physical_acceleration_candidate,prefill_to_first_logit,not_confirmed
facebook/opt-2.7b,model_prefill,attention_int8_dynamic,9,1.003204148013699,1.023780941289556,0.8440284709101734,1.133777808200368,0.8444222751958911,0.8420279210012184,0.8420277075107018,0.8492370558753919,0.8419432698063295,True,mista,modelos_opt_2_7b_2026-09-15,101,model_performance_summary,int8_dynamic,C_physical_acceleration_candidate,model_prefill,confirmed
facebook/opt-2.7b,model_prefill,attention_int8_weight_only,9,0.032557090672831995,0.03030262006714732,0.02763808651765031,0.03927112118952346,0.8443617864480412,0.8420279210012184,0.8420277075107018,0.8486926571447433,0.8419432698063295,False,contradita,modelos_opt_2_7b_2026-09-15,101,model_performance_summary,int8_weight_only,B_physical_compression,model_prefill,not_confirmed
facebook/opt-2.7b,model_prefill,attention_pruning_2to4,9,0.8610248406091541,0.872605941440201,0.7977071693784366,0.9067434976143894,0.8648882097279771,0.8617049281037259,0.8617047412055948,0.867657852054837,0.8615922300102339,True,contradita,modelos_opt_2_7b_2026-09-15,101,model_performance_summary,pruning_2to4,C_physical_acceleration_candidate,model_prefill,confirmed
facebook/opt-2.7b,model_prefill,blocks_int8_dynamic,9,1.267074850143965,1.3051911522214084,0.9068451712091542,1.588328437155911,0.53286701975907,0.5259447574589747,0.5259441167995668,0.5455897877898983,0.5257371256444419,True,mista,modelos_opt_2_7b_2026-09-15,101,model_performance_summary,int8_dynamic,C_physical_acceleration_candidate,model_prefill,confirmed
facebook/opt-2.7b,model_prefill,blocks_int8_weight_only,9,0.011183499980741342,0.010321157424717554,0.009415440196898434,0.013656280162230435,0.5328564999768353,0.5259447574589747,0.5259441167995668,0.5454951097497855,0.5257371256444419,False,contradita,modelos_opt_2_7b_2026-09-15,101,model_performance_summary,int8_weight_only,B_physical_compression,model_prefill,not_confirmed
facebook/opt-2.7b,model_prefill,blocks_pruning_2to4,9,1.0369480407621086,1.060833809777428,0.9752658104548686,1.07759552696838,0.5921072441803692,0.5849294435849376,0.5849288826400664,0.6020859495384538,0.5847766900307015,True,mista,modelos_opt_2_7b_2026-09-15,101,model_performance_summary,pruning_2to4,C_physical_acceleration_candidate,model_prefill,confirmed
facebook/opt-2.7b,model_ttft,attention_int8_dynamic,9,0.9998428764937608,1.030307969432575,0.8480649209576105,1.130960516846896,0.8433971227056183,0.8420277990067081,0.8420277075107018,0.8420279210012184,0.8419432698063295,True,mista,modelos_opt_2_7b_2026-09-15,101,model_performance_summary,int8_dynamic,C_physical_acceleration_candidate,prefill_to_first_logit,confirmed
facebook/opt-2.7b,model_ttft,attention_int8_weight_only,9,0.032448136891316516,0.030269947594478593,0.027670251358339636,0.03947802131851002,0.8439034399026621,0.8420277990067081,0.8420277075107018,0.8420279210012184,0.8419432698063295,False,contradita,modelos_opt_2_7b_2026-09-15,101,model_performance_summary,int8_weight_only,B_physical_compression,prefill_to_first_logit,not_confirmed
facebook/opt-2.7b,model_ttft,attention_pruning_2to4,9,0.8597477930851966,0.8699966204638747,0.7973680307087191,0.9080250308753752,0.8629440873767517,0.8617048213048557,0.8617047412055948,0.8617049281037259,0.8615922300102339,True,contradita,modelos_opt_2_7b_2026-09-15,101,model_performance_summary,pruning_2to4,C_physical_acceleration_candidate,prefill_to_first_logit,confirmed
facebook/opt-2.7b,model_ttft,blocks_int8_dynamic,9,1.2642637049766192,1.3101992820032824,0.9149323993233661,1.5894319516679858,0.5300535673839991,0.5259443913680966,0.5259441167995668,0.5259447574589747,0.5257371256444419,True,mista,modelos_opt_2_7b_2026-09-15,101,model_performance_summary,int8_dynamic,C_physical_acceleration_candidate,prefill_to_first_logit,confirmed
facebook/opt-2.7b,model_ttft,blocks_int8_weight_only,9,0.011139974124277634,0.010294216633885949,0.009427061600633852,0.013731857132168662,0.5308636748992692,0.5259443913680966,0.5259441167995668,0.5259447574589747,0.5257371256444419,False,contradita,modelos_opt_2_7b_2026-09-15,101,model_performance_summary,int8_weight_only,B_physical_compression,prefill_to_first_logit,not_confirmed
facebook/opt-2.7b,model_ttft,blocks_pruning_2to4,9,1.0345839190616242,1.0589656517235162,0.9713444099711834,1.0688275855963436,0.5886687805076622,0.5849291230451968,0.5849288826400664,0.5849294435849376,0.5847766900307015,True,mista,modelos_opt_2_7b_2026-09-15,101,model_performance_summary,pruning_2to4,C_physical_acceleration_candidate,prefill_to_first_logit,confirmed
facebook/opt-6.7b,model_prefill,attention_int8_dynamic,9,1.1399608445647398,1.1692820165790994,1.0092610776960524,1.2486378120916697,0.8403141789514552,0.8388612105116959,0.838861123778218,0.8432694718819265,0.8388192942438626,True,sustentada,modelos_opt_6_7b_2026-09-16,102,model_performance_summary,int8_dynamic,C_physical_acceleration_candidate,model_prefill,confirmed
facebook/opt-6.7b,model_prefill,attention_int8_weight_only,9,0.028274041493164807,0.02607018260080744,0.025202508029398073,0.0335921413507978,0.8402629723752506,0.8388612105116959,0.838861123778218,0.8428086126960855,0.8388192942438626,False,contradita,modelos_opt_6_7b_2026-09-16,102,model_performance_summary,int8_weight_only,B_physical_compression,model_prefill,not_confirmed
facebook/opt-6.7b,model_prefill,attention_pruning_2to4,9,1.041471469592539,1.029829138051178,0.9741696767239837,1.1110513503880444,0.8607950314663424,0.85890021462837,0.8589001386809512,0.8631248218052403,0.8588979849951157,True,mista,modelos_opt_6_7b_2026-09-16,102,model_performance_summary,pruning_2to4,C_physical_acceleration_candidate,model_prefill,confirmed
facebook/opt-6.7b,model_prefill,blocks_int8_dynamic,9,1.6852956911288874,1.7556330606564543,1.170735056787483,2.136891092055054,0.5208441151780566,0.516495050475633,0.51649479022752,0.5287333775840162,0.51639882775879,True,sustentada,modelos_opt_6_7b_2026-09-16,102,model_performance_summary,int8_dynamic,C_physical_acceleration_candidate,model_prefill,confirmed
facebook/opt-6.7b,model_prefill,blocks_int8_weight_only,9,0.009789025778879095,0.009048061388485573,0.008747313554001178,0.01177514022671487,0.520806715582894,0.516495050475633,0.51649479022752,0.5284114362386989,0.51639882775879,False,contradita,modelos_opt_6_7b_2026-09-16,102,model_performance_summary,int8_weight_only,B_physical_compression,model_prefill,not_confirmed
facebook/opt-6.7b,model_prefill,blocks_pruning_2to4,9,1.1094835563474135,1.0729671265730898,1.0167961017947973,1.2275589236596316,0.5809806143004119,0.5767006438851099,0.5767004160428536,0.5871469793508232,0.576693954985347,True,sustentada,modelos_opt_6_7b_2026-09-16,102,model_performance_summary,pruning_2to4,C_physical_acceleration_candidate,model_prefill,confirmed
facebook/opt-6.7b,model_ttft,attention_int8_dynamic,9,1.1370568342124974,1.1655564598991517,1.0031764282422069,1.2472945815586156,0.8397456394088892,0.83886116094972,0.838861123778218,0.8388612105116959,0.8388192942438626,True,sustentada,modelos_opt_6_7b_2026-09-16,102,model_performance_summary,int8_dynamic,C_physical_acceleration_candidate,prefill_to_first_logit,confirmed
facebook/opt-6.7b,model_ttft,attention_int8_weight_only,9,0.02834664727281129,0.026106968022850934,0.02518740648043128,0.03372567593548286,0.8397456394088892,0.83886116094972,0.838861123778218,0.8388612105116959,0.8388192942438626,False,contradita,modelos_opt_6_7b_2026-09-16,102,model_performance_summary,int8_weight_only,B_physical_compression,prefill_to_first_logit,not_confirmed
facebook/opt-6.7b,model_ttft,attention_pruning_2to4,9,1.0498680618957021,1.034783251306012,0.9746070397052697,1.139531144229075,0.8595249590062095,0.858900171229855,0.8589001386809512,0.85890021462837,0.8588979849951157,True,mista,modelos_opt_6_7b_2026-09-16,102,model_performance_summary,pruning_2to4,C_physical_acceleration_candidate,prefill_to_first_logit,confirmed
facebook/opt-6.7b,model_ttft,blocks_int8_dynamic,9,1.6869393459098558,1.744001248444381,1.1859193137603639,2.1404003793834834,0.51926525523026,0.5164949017624599,0.51649479022752,0.516495050475633,0.51639882775879,True,sustentada,modelos_opt_6_7b_2026-09-16,102,model_performance_summary,int8_dynamic,C_physical_acceleration_candidate,prefill_to_first_logit,confirmed
facebook/opt-6.7b,model_ttft,blocks_int8_weight_only,9,0.00986384857383922,0.009064645296491796,0.008742772197156619,0.011847133097093556,0.51926525523026,0.5164949017624599,0.51649479022752,0.516495050475633,0.51639882775879,False,contradita,modelos_opt_6_7b_2026-09-16,102,model_performance_summary,int8_weight_only,B_physical_compression,prefill_to_first_logit,not_confirmed
facebook/opt-6.7b,model_ttft,blocks_pruning_2to4,9,1.1148203971327777,1.072220110051069,1.015986953956803,1.2461610612345855,0.5788742732702991,0.5767005136895649,0.5767004160428536,0.5767006438851099,0.576693954985347,True,sustentada,modelos_opt_6_7b_2026-09-16,102,model_performance_summary,pruning_2to4,C_physical_acceleration_candidate,prefill_to_first_logit,confirmed
facebook/opt-1.3b,model_prefill,attention_int8_fake,9,1.0011744378244012,1.006691251151965,0.975839562224961,1.0140753182145792,1.0,1.0,1.0,1.0,1.0,False,mista,modelos_opt_complementar_lacunas_2026-09-17,103,model_performance_summary,int8_fake,A_numeric_change,model_prefill,not_confirmed
facebook/opt-1.3b,model_prefill,attention_pruning_10,9,0.9989382952869845,1.004472365628427,0.9750097114607127,1.0139348962199577,1.0,1.0,1.0,1.0,1.0,False,mista,modelos_opt_complementar_lacunas_2026-09-17,103,model_performance_summary,pruning_unstructured,A_numeric_change,model_prefill,not_confirmed
facebook/opt-1.3b,model_prefill,attention_pruning_25,9,1.0000207447694056,1.007711105474705,0.9694995604064828,1.0127927672696846,1.0,1.0,1.0,1.0,1.0,False,mista,modelos_opt_complementar_lacunas_2026-09-17,103,model_performance_summary,pruning_unstructured,A_numeric_change,model_prefill,not_confirmed
facebook/opt-1.3b,model_prefill,attention_pruning_50,9,0.9998870391259143,1.0017919760793925,0.9850745360645884,1.017698304058403,1.0,1.0,1.0,1.0,1.0,False,mista,modelos_opt_complementar_lacunas_2026-09-17,103,model_performance_summary,pruning_unstructured,A_numeric_change,model_prefill,not_confirmed
facebook/opt-1.3b,model_prefill,attention_pruning_75,9,1.0034649067617014,1.0085965816241007,0.994175473859347,1.017803780367904,1.0,1.0,1.0,1.0,1.0,False,mista,modelos_opt_complementar_lacunas_2026-09-17,103,model_performance_summary,pruning_unstructured,A_numeric_change,model_prefill,not_confirmed
facebook/opt-1.3b,model_prefill,blocks_int8_fake,9,0.9999278182180527,1.0050581540155987,0.978757054293444,1.0145663840942287,1.0,1.0,1.0,1.0,1.0,False,mista,modelos_opt_complementar_lacunas_2026-09-17,103,model_performance_summary,int8_fake,A_numeric_change,model_prefill,not_confirmed
facebook/opt-1.3b,model_prefill,blocks_pruning_50,9,1.0079230773717456,1.0063889746679822,1.0019259288752607,1.0189044305585344,1.0,1.0,1.0,1.0,1.0,False,mista,modelos_opt_complementar_lacunas_2026-09-17,103,model_performance_summary,pruning_unstructured,A_numeric_change,model_prefill,not_confirmed
facebook/opt-1.3b,model_ttft,attention_int8_fake,9,1.0052960761476641,1.007836017876619,0.997771048724171,1.0110780758467885,0.9992932359784299,1.0,1.0,1.0,1.0,False,mista,modelos_opt_complementar_lacunas_2026-09-17,103,model_performance_summary,int8_fake,A_numeric_change,prefill_to_first_logit,not_confirmed
facebook/opt-1.3b,model_ttft,attention_pruning_10,9,1.003408435166743,1.0038483489122991,0.9932419508539931,1.0172298509498632,0.9998429413285399,1.0,1.0,1.0,1.0,False,mista,modelos_opt_complementar_lacunas_2026-09-17,103,model_performance_summary,pruning_unstructured,A_numeric_change,prefill_to_first_logit,not_confirmed
facebook/opt-1.3b,model_ttft,attention_pruning_25,9,1.0049622429700402,1.0084088954234705,0.9963568909952826,1.0116624663347862,0.9998429413285399,1.0,1.0,1.0,1.0,False,mista,modelos_opt_complementar_lacunas_2026-09-17,103,model_performance_summary,pruning_unstructured,A_numeric_change,prefill_to_first_logit,not_confirmed
facebook/opt-1.3b,model_ttft,attention_pruning_50,9,1.003048800754114,1.002801658717163,0.9913935260817142,1.0185991994436303,0.9992932359784299,1.0,1.0,1.0,1.0,False,mista,modelos_opt_complementar_lacunas_2026-09-17,103,model_performance_summary,pruning_unstructured,A_numeric_change,prefill_to_first_logit,not_confirmed
facebook/opt-1.3b,model_ttft,attention_pruning_75,9,1.001633666329882,1.0031026419431126,0.9976546706459704,1.0070871080344939,0.9998429413285399,1.0,1.0,1.0,1.0,False,mista,modelos_opt_complementar_lacunas_2026-09-17,103,model_performance_summary,pruning_unstructured,A_numeric_change,prefill_to_first_logit,not_confirmed
facebook/opt-1.3b,model_ttft,blocks_int8_fake,9,1.00600785474504,1.0082181438379314,1.0021193929632712,1.0097738474549385,0.9992932359784299,1.0,1.0,1.0,1.0,False,mista,modelos_opt_complementar_lacunas_2026-09-17,103,model_performance_summary,int8_fake,A_numeric_change,prefill_to_first_logit,not_confirmed
facebook/opt-1.3b,model_ttft,blocks_pruning_50,9,1.0002419817936665,1.0039357686075512,0.993790769576063,1.0097923345261577,0.9992932359784299,1.0,1.0,1.0,1.0,False,mista,modelos_opt_complementar_lacunas_2026-09-17,103,model_performance_summary,pruning_unstructured,A_numeric_change,prefill_to_first_logit,not_confirmed
facebook/opt-125m,model_prefill,attention_int8_fake,9,0.8774276594328811,0.9732513239897181,0.9210644445285086,0.9790161329116235,1.0,1.0,1.0,1.0,1.0,False,contradita,modelos_opt_complementar_lacunas_2026-09-17,103,model_performance_summary,int8_fake,A_numeric_change,model_prefill,not_confirmed
facebook/opt-125m,model_prefill,attention_pruning_10,9,1.0143670931978979,0.9932569366054427,0.9404315816447931,1.0127435110891185,1.0,1.0,1.0,1.0,1.0,False,mista,modelos_opt_complementar_lacunas_2026-09-17,103,model_performance_summary,pruning_unstructured,A_numeric_change,model_prefill,not_confirmed
facebook/opt-125m,model_prefill,attention_pruning_25,9,0.8849760286593001,0.9814287098857247,0.8529629023588658,0.9939241801060318,1.0,1.0,1.0,1.0,1.0,False,contradita,modelos_opt_complementar_lacunas_2026-09-17,103,model_performance_summary,pruning_unstructured,A_numeric_change,model_prefill,not_confirmed
facebook/opt-125m,model_prefill,attention_pruning_50,9,0.898971638963667,0.9836029881389082,0.9360082557661967,0.9900934731348524,1.0,1.0,1.0,1.0,1.0,False,contradita,modelos_opt_complementar_lacunas_2026-09-17,103,model_performance_summary,pruning_unstructured,A_numeric_change,model_prefill,not_confirmed
facebook/opt-125m,model_prefill,attention_pruning_75,9,1.0443928964082054,0.9785774237234687,0.9308741435699917,0.9875304808927066,1.0,1.0,1.0,1.0,1.0,False,contradita,modelos_opt_complementar_lacunas_2026-09-17,103,model_performance_summary,pruning_unstructured,A_numeric_change,model_prefill,not_confirmed
facebook/opt-125m,model_prefill,blocks_int8_fake,9,0.8884455503926552,0.9764602048883747,0.9329598540579451,0.9846833366321237,1.0,1.0,1.0,1.0,1.0,False,contradita,modelos_opt_complementar_lacunas_2026-09-17,103,model_performance_summary,int8_fake,A_numeric_change,model_prefill,not_confirmed
facebook/opt-125m,model_prefill,blocks_pruning_50,9,0.9926882331297677,0.9859412794808057,0.9357933861841876,0.9929055016523355,1.0,1.0,1.0,1.0,1.0,False,contradita,modelos_opt_complementar_lacunas_2026-09-17,103,model_performance_summary,pruning_unstructured,A_numeric_change,model_prefill,not_confirmed
facebook/opt-125m,model_ttft,attention_int8_fake,9,0.9653093091569703,0.9764175418466493,0.9264583541615333,0.9921115681048741,0.990302655632907,1.0,1.0,1.0,1.0,False,contradita,modelos_opt_complementar_lacunas_2026-09-17,103,model_performance_summary,int8_fake,A_numeric_change,prefill_to_first_logit,not_confirmed
facebook/opt-125m,model_ttft,attention_pruning_10,9,0.9859503878240781,0.9949544719421805,0.9557276049889589,0.9984848900458888,0.9953452747037955,1.0,1.0,1.0,1.0,False,contradita,modelos_opt_complementar_lacunas_2026-09-17,103,model_performance_summary,pruning_unstructured,A_numeric_change,prefill_to_first_logit,not_confirmed
facebook/opt-125m,model_ttft,attention_pruning_25,9,0.975023849539116,0.9805764328902373,0.9431333575442409,0.993560488558832,0.9906905494075908,1.0,1.0,1.0,1.0,False,contradita,modelos_opt_complementar_lacunas_2026-09-17,103,model_performance_summary,pruning_unstructured,A_numeric_change,prefill_to_first_logit,not_confirmed
facebook/opt-125m,model_ttft,attention_pruning_50,9,0.978324390419531,0.9890170561136871,0.9453490531117507,0.9972079721321535,0.990302655632907,1.0,1.0,1.0,1.0,False,contradita,modelos_opt_complementar_lacunas_2026-09-17,103,model_performance_summary,pruning_unstructured,A_numeric_change,prefill_to_first_logit,not_confirmed
facebook/opt-125m,model_ttft,attention_pruning_75,9,0.9662433570178403,0.9730139564948805,0.9311938416769144,0.996741694910955,0.9953452747037955,1.0,1.0,1.0,1.0,False,contradita,modelos_opt_complementar_lacunas_2026-09-17,103,model_performance_summary,pruning_unstructured,A_numeric_change,prefill_to_first_logit,not_confirmed
facebook/opt-125m,model_ttft,blocks_int8_fake,9,0.9728804873120342,0.9772998427839559,0.9466821451223151,0.9934055944785589,0.9953452747037955,1.0,1.0,1.0,1.0,False,contradita,modelos_opt_complementar_lacunas_2026-09-17,103,model_performance_summary,int8_fake,A_numeric_change,prefill_to_first_logit,not_confirmed
facebook/opt-125m,model_ttft,blocks_pruning_50,9,0.9703319262824509,0.9760641820953764,0.9489235184287257,0.9919241322496318,0.9953452747037955,1.0,1.0,1.0,1.0,False,contradita,modelos_opt_complementar_lacunas_2026-09-17,103,model_performance_summary,pruning_unstructured,A_numeric_change,prefill_to_first_logit,not_confirmed
facebook/opt-2.7b,model_prefill,attention_int8_fake,9,0.9756629394111493,0.9757418793116639,0.9636156743976925,0.9880166129813472,0.9999894802177651,1.0,1.0,1.0,1.0,False,contradita,modelos_opt_complementar_lacunas_2026-09-17,103,model_performance_summary,int8_fake,A_numeric_change,model_prefill,not_confirmed
facebook/opt-2.7b,model_prefill,attention_pruning_10,9,1.001360090611532,0.9985742866817723,0.9963521633970196,1.0019940912974534,0.9999894802177651,1.0,1.0,1.0,1.0,False,mista,modelos_opt_complementar_lacunas_2026-09-17,103,model_performance_summary,pruning_unstructured,A_numeric_change,model_prefill,not_confirmed
facebook/opt-2.7b,model_prefill,attention_pruning_25,9,1.000447718304498,0.9995794023271302,0.9954693711885486,1.0025742184154192,0.9999894802177651,1.0,1.0,1.0,1.0,False,mista,modelos_opt_complementar_lacunas_2026-09-17,103,model_performance_summary,pruning_unstructured,A_numeric_change,model_prefill,not_confirmed
facebook/opt-2.7b,model_prefill,attention_pruning_50,9,1.0004223704011024,1.0016052259872417,0.9950420528439883,1.0053207676221798,0.9999894802177651,1.0,1.0,1.0,1.0,False,mista,modelos_opt_complementar_lacunas_2026-09-17,103,model_performance_summary,pruning_unstructured,A_numeric_change,model_prefill,not_confirmed
facebook/opt-2.7b,model_prefill,attention_pruning_75,9,0.9791586330071355,0.9750519237606935,0.9697886635911858,0.9956161001432149,1.0042399378738005,1.0000007722536224,1.0,1.0000007722540696,1.0,False,contradita,modelos_opt_complementar_lacunas_2026-09-17,103,model_performance_summary,pruning_unstructured,A_numeric_change,model_prefill,not_confirmed
facebook/opt-2.7b,model_prefill,blocks_int8_fake,9,0.9802720672771171,0.9752803946590696,0.965087108462184,1.0021115999562777,0.9999894802177651,1.0,1.0,1.0,1.0,False,mista,modelos_opt_complementar_lacunas_2026-09-17,103,model_performance_summary,int8_fake,A_numeric_change,model_prefill,not_confirmed
facebook/opt-2.7b,model_prefill,blocks_pruning_50,9,0.9807152794771868,0.9770733562398056,0.9709717765792952,0.984838858389394,1.0042399378738005,1.0000007722536224,1.0,1.0000007722540696,1.0,False,contradita,modelos_opt_complementar_lacunas_2026-09-17,103,model_performance_summary,pruning_unstructured,A_numeric_change,model_prefill,not_confirmed
facebook/opt-2.7b,model_ttft,attention_int8_fake,9,0.9777934487890647,0.9742501347425633,0.9650803557870911,0.9906072581666732,1.0005063171970439,1.0,1.0,1.0,1.0,False,contradita,modelos_opt_complementar_lacunas_2026-09-17,103,model_performance_summary,int8_fake,A_numeric_change,prefill_to_first_logit,not_confirmed
facebook/opt-2.7b,model_ttft,attention_pruning_10,9,0.9990640584968931,1.0005008120550378,0.9916498962294348,1.0033202846825855,1.0005063171970439,1.0,1.0,1.0,1.0,False,mista,modelos_opt_complementar_lacunas_2026-09-17,103,model_performance_summary,pruning_unstructured,A_numeric_change,prefill_to_first_logit,not_confirmed
facebook/opt-2.7b,model_ttft,attention_pruning_25,9,0.9958122469103033,1.0007489782813361,0.9907544658266346,1.0045422755643774,1.0005063171970439,1.0,1.0,1.0,1.0,False,mista,modelos_opt_complementar_lacunas_2026-09-17,103,model_performance_summary,pruning_unstructured,A_numeric_change,prefill_to_first_logit,not_confirmed
facebook/opt-2.7b,model_ttft,attention_pruning_50,9,0.9988884278218401,1.0022703368777302,0.9944061063135111,1.008707450612665,1.0005063171970439,1.0,1.0,1.0,1.0,False,mista,modelos_opt_complementar_lacunas_2026-09-17,103,model_performance_summary,pruning_unstructured,A_numeric_change,prefill_to_first_logit,not_confirmed
facebook/opt-2.7b,model_ttft,attention_pruning_75,9,0.9808920436481036,0.9741085827416897,0.9712978663416701,0.9963429207956845,1.000810873074897,1.0000007722536224,1.000000772253026,1.0000007722540696,1.0,False,contradita,modelos_opt_complementar_lacunas_2026-09-17,103,model_performance_summary,pruning_unstructured,A_numeric_change,prefill_to_first_logit,not_confirmed
facebook/opt-2.7b,model_ttft,blocks_int8_fake,9,0.9787836545293084,0.9758233919136475,0.9654412968357754,0.9915123261339153,1.0005063171970439,1.0,1.0,1.0,1.0,False,contradita,modelos_opt_complementar_lacunas_2026-09-17,103,model_performance_summary,int8_fake,A_numeric_change,prefill_to_first_logit,not_confirmed
facebook/opt-2.7b,model_ttft,blocks_pruning_50,9,0.9797613942522977,0.9757322525169111,0.9739235508159032,0.9889816417668676,1.000810873074897,1.0000007722536224,1.000000772253026,1.0000007722540696,1.0,False,contradita,modelos_opt_complementar_lacunas_2026-09-17,103,model_performance_summary,pruning_unstructured,A_numeric_change,prefill_to_first_logit,not_confirmed
facebook/opt-350m,model_prefill,attention_int8_fake,9,0.9318940006956987,1.0033128502611819,0.898214105450731,1.0099776656793729,1.0,1.0,1.0,1.0,1.0,False,mista,modelos_opt_complementar_lacunas_2026-09-17,103,model_performance_summary,int8_fake,A_numeric_change,model_prefill,not_confirmed
facebook/opt-350m,model_prefill,attention_pruning_10,9,1.0406453862239522,0.997021749363894,0.9495986069712398,1.0139836178346677,1.0,1.0,1.0,1.0,1.0,False,mista,modelos_opt_complementar_lacunas_2026-09-17,103,model_performance_summary,pruning_unstructured,A_numeric_change,model_prefill,not_confirmed
facebook/opt-350m,model_prefill,attention_pruning_25,9,0.8037448896116564,0.8593811599453189,0.607168908946835,0.9297274320433992,1.0,1.0,1.0,1.0,1.0,False,contradita,modelos_opt_complementar_lacunas_2026-09-17,103,model_performance_summary,pruning_unstructured,A_numeric_change,model_prefill,not_confirmed
facebook/opt-350m,model_prefill,attention_pruning_50,9,0.9689648583106916,0.9972300546164458,0.8873351379254477,1.001254159404679,1.0,1.0,1.0,1.0,1.0,False,mista,modelos_opt_complementar_lacunas_2026-09-17,103,model_performance_summary,pruning_unstructured,A_numeric_change,model_prefill,not_confirmed
facebook/opt-350m,model_prefill,attention_pruning_75,9,0.9270924593276274,0.9827203838443842,0.9213618898993655,0.9943957646327309,1.0,1.0,1.0,1.0,1.0,False,contradita,modelos_opt_complementar_lacunas_2026-09-17,103,model_performance_summary,pruning_unstructured,A_numeric_change,model_prefill,not_confirmed
facebook/opt-350m,model_prefill,blocks_int8_fake,9,1.0376486750858758,1.0098123183607628,0.9702751324627014,1.0121140909749926,1.0,1.0,1.0,1.0,1.0,False,mista,modelos_opt_complementar_lacunas_2026-09-17,103,model_performance_summary,int8_fake,A_numeric_change,model_prefill,not_confirmed
facebook/opt-350m,model_prefill,blocks_pruning_50,9,0.9341452639139395,0.9991541563471877,0.8870687957887018,1.0084418544644704,1.0,1.0,1.0,1.0,1.0,False,mista,modelos_opt_complementar_lacunas_2026-09-17,103,model_performance_summary,pruning_unstructured,A_numeric_change,model_prefill,not_confirmed
facebook/opt-350m,model_ttft,attention_int8_fake,9,1.023364908165507,1.0049256886368554,1.0002604531773014,1.0238316247507129,1.0,1.0,1.0,1.0,1.0,False,mista,modelos_opt_complementar_lacunas_2026-09-17,103,model_performance_summary,int8_fake,A_numeric_change,prefill_to_first_logit,not_confirmed
facebook/opt-350m,model_ttft,attention_pruning_10,9,1.0294576711678909,1.010907133953253,1.0054088037436224,1.0247197848144418,1.0,1.0,1.0,1.0,1.0,False,mista,modelos_opt_complementar_lacunas_2026-09-17,103,model_performance_summary,pruning_unstructured,A_numeric_change,prefill_to_first_logit,not_confirmed
facebook/opt-350m,model_ttft,attention_pruning_25,9,0.854453035933274,0.9506355333166232,0.4985981152011094,1.0196216582114923,1.0,1.0,1.0,1.0,1.0,False,mista,modelos_opt_complementar_lacunas_2026-09-17,103,model_performance_summary,pruning_unstructured,A_numeric_change,prefill_to_first_logit,not_confirmed
facebook/opt-350m,model_ttft,attention_pruning_50,9,1.0209919546558792,1.0046361911091364,0.9973763029632794,1.0251345787848887,1.0,1.0,1.0,1.0,1.0,False,mista,modelos_opt_complementar_lacunas_2026-09-17,103,model_performance_summary,pruning_unstructured,A_numeric_change,prefill_to_first_logit,not_confirmed
facebook/opt-350m,model_ttft,attention_pruning_75,9,1.01157523803678,0.9937883562877171,0.9877741465842192,1.0057656527631111,1.0,1.0,1.0,1.0,1.0,False,mista,modelos_opt_complementar_lacunas_2026-09-17,103,model_performance_summary,pruning_unstructured,A_numeric_change,prefill_to_first_logit,not_confirmed
facebook/opt-350m,model_ttft,blocks_int8_fake,9,1.031963767352842,1.013979578128304,1.0100937054799608,1.0263268398165193,1.0,1.0,1.0,1.0,1.0,False,mista,modelos_opt_complementar_lacunas_2026-09-17,103,model_performance_summary,int8_fake,A_numeric_change,prefill_to_first_logit,not_confirmed
facebook/opt-350m,model_ttft,blocks_pruning_50,9,1.029602393732855,1.0123418085333862,1.0050489987961315,1.0240165035476034,1.0,1.0,1.0,1.0,1.0,False,mista,modelos_opt_complementar_lacunas_2026-09-17,103,model_performance_summary,pruning_unstructured,A_numeric_change,prefill_to_first_logit,not_confirmed
facebook/opt-6.7b,model_prefill,attention_int8_fake,9,0.9199554489298291,0.922051011167368,0.9095455800557452,0.9262471648423027,1.0,1.0,1.0,1.0,1.0,False,contradita,modelos_opt_6_7b_complementar_lacunas_2026-09-17,104,model_performance_summary,int8_fake,A_numeric_change,model_prefill,not_confirmed
facebook/opt-6.7b,model_prefill,attention_pruning_10,9,0.999168006728843,0.999687559811486,0.998724521380322,1.000112323867375,1.0,1.0,1.0,1.0,1.0,False,mista,modelos_opt_6_7b_complementar_lacunas_2026-09-17,104,model_performance_summary,pruning_unstructured,A_numeric_change,model_prefill,not_confirmed
facebook/opt-6.7b,model_prefill,attention_pruning_25,9,0.9198087279503535,0.9237346750667184,0.910840157620203,0.9273137881452682,1.0,1.0,1.0,1.0,1.0,False,contradita,modelos_opt_6_7b_complementar_lacunas_2026-09-17,104,model_performance_summary,pruning_unstructured,A_numeric_change,model_prefill,not_confirmed
facebook/opt-6.7b,model_prefill,attention_pruning_50,9,0.9202401156986304,0.9230326890759806,0.9121764418626924,0.9267934901297901,1.0,1.0,1.0,1.0,1.0,False,contradita,modelos_opt_6_7b_complementar_lacunas_2026-09-17,104,model_performance_summary,pruning_unstructured,A_numeric_change,model_prefill,not_confirmed
facebook/opt-6.7b,model_prefill,attention_pruning_75,9,0.9213774891653116,0.9259981434059656,0.9087229545895128,0.9268902960445073,1.0,1.0,1.0,1.0,1.0,False,contradita,modelos_opt_6_7b_complementar_lacunas_2026-09-17,104,model_performance_summary,pruning_unstructured,A_numeric_change,model_prefill,not_confirmed
facebook/opt-6.7b,model_prefill,blocks_int8_fake,9,0.9202340708801293,0.9237471946959241,0.9110237096209425,0.9283347373395521,1.0,1.0,1.0,1.0,1.0,False,contradita,modelos_opt_6_7b_complementar_lacunas_2026-09-17,104,model_performance_summary,int8_fake,A_numeric_change,model_prefill,not_confirmed
facebook/opt-6.7b,model_prefill,blocks_pruning_50,9,0.9211638023763756,0.923494882771259,0.9134720929533857,0.9276787833246689,1.0,1.0,1.0,1.0,1.0,False,contradita,modelos_opt_6_7b_complementar_lacunas_2026-09-17,104,model_performance_summary,pruning_unstructured,A_numeric_change,model_prefill,not_confirmed
facebook/opt-6.7b,model_ttft,attention_int8_fake,9,0.9171015529127976,0.9196478269390373,0.9066605945900416,0.9258929514564432,1.0,1.0,1.0,1.0,1.0,False,contradita,modelos_opt_6_7b_complementar_lacunas_2026-09-17,104,model_performance_summary,int8_fake,A_numeric_change,prefill_to_first_logit,not_confirmed
facebook/opt-6.7b,model_ttft,attention_pruning_10,9,0.9975751028942705,1.000120960939483,0.9933701486170232,1.00134628860198,1.0,1.0,1.0,1.0,1.0,False,mista,modelos_opt_6_7b_complementar_lacunas_2026-09-17,104,model_performance_summary,pruning_unstructured,A_numeric_change,prefill_to_first_logit,not_confirmed
facebook/opt-6.7b,model_ttft,attention_pruning_25,9,0.918795448346576,0.9231241198777103,0.9060298092857365,0.9282866184806126,1.0,1.0,1.0,1.0,1.0,False,contradita,modelos_opt_6_7b_complementar_lacunas_2026-09-17,104,model_performance_summary,pruning_unstructured,A_numeric_change,prefill_to_first_logit,not_confirmed
facebook/opt-6.7b,model_ttft,attention_pruning_50,9,0.9177351771241931,0.9234166229131728,0.9022657542729137,0.9267375277654004,1.0,1.0,1.0,1.0,1.0,False,contradita,modelos_opt_6_7b_complementar_lacunas_2026-09-17,104,model_performance_summary,pruning_unstructured,A_numeric_change,prefill_to_first_logit,not_confirmed
facebook/opt-6.7b,model_ttft,attention_pruning_75,9,0.9174911780096566,0.9214391975849484,0.9076898804590914,0.9271282716897039,1.0,1.0,1.0,1.0,1.0,False,contradita,modelos_opt_6_7b_complementar_lacunas_2026-09-17,104,model_performance_summary,pruning_unstructured,A_numeric_change,prefill_to_first_logit,not_confirmed
facebook/opt-6.7b,model_ttft,blocks_int8_fake,9,0.9202685786280834,0.9254790822070211,0.9079343096403607,0.9287678412192211,1.0,1.0,1.0,1.0,1.0,False,contradita,modelos_opt_6_7b_complementar_lacunas_2026-09-17,104,model_performance_summary,int8_fake,A_numeric_change,prefill_to_first_logit,not_confirmed
facebook/opt-6.7b,model_ttft,blocks_pruning_50,9,0.9200750415946735,0.9246837250937807,0.907673757169902,0.928229388433443,1.0,1.0,1.0,1.0,1.0,False,contradita,modelos_opt_6_7b_complementar_lacunas_2026-09-17,104,model_performance_summary,pruning_unstructured,A_numeric_change,prefill_to_first_logit,not_confirmed
