model_id,scenario,kind,comparison_group,optimization_scope,status,skip_reason,pruning_sparsity,observed_sparsity,perplexity,perplexity_increase_percent,logits_mse,logits_kl_divergence,top1_agreement,generated_token_agreement,storage_megabytes,quality_acceptable,canonical_source,canonical_source_priority,canonical_table,method_family,evidence_level,delta_ppl_le_2pct,delta_ppl_le_5pct,delta_ppl_le_10pct
facebook/opt-125m,baseline_bf16,baseline,bf16,none,complete,,0.0,0.0,42.37134003290558,0.0,0.0,0.0,1.0,1.0,238.875,True,modelos_opt_complementar_lacunas_2026-09-17,103,model_quality,baseline,reference,True,True,True
facebook/opt-125m,baseline_fp16,baseline,fp16,none,complete,,0.0,0.0,42.41112836044101,0.0,0.0,-1.4901161193847655e-09,1.0,1.0,238.875,True,modelos_opt_v1_2026-09-15,100,model_quality,baseline,reference,True,True,True
facebook/opt-125m,attention_pruning_10,pruning_magnitude,bf16,attention_only,complete,,0.1,0.0999993218315972,42.98215686906553,1.4415801711382898,0.0374164379201829,0.0125084152328781,1.0,0.6074818842113018,238.875,True,modelos_opt_complementar_lacunas_2026-09-17,103,model_quality,pruning_unstructured,A_numeric_change,True,True,True
facebook/opt-125m,attention_pruning_25,pruning_magnitude,bf16,attention_only,complete,,0.25,0.25,44.73474755587736,5.57784464955879,0.09753008056432,0.0319840651936829,0.9,0.2406923078000545,238.875,False,modelos_opt_complementar_lacunas_2026-09-17,103,model_quality,pruning_unstructured,A_numeric_change,False,False,True
facebook/opt-125m,attention_pruning_50,pruning_magnitude,bf16,attention_only,complete,,0.5,0.5,65.79627975836252,55.28486875153143,0.4041911289095878,0.1446427850052714,0.9,0.1730486110784113,238.875,False,modelos_opt_complementar_lacunas_2026-09-17,103,model_quality,pruning_unstructured,A_numeric_change,False,False,False
facebook/opt-125m,attention_pruning_75,pruning_magnitude,bf16,attention_only,complete,,0.75,0.75,622.1635710320973,1368.359439538436,2.4420596837997435,1.271493637561798,0.45,0.04453125,238.875,False,modelos_opt_complementar_lacunas_2026-09-17,103,model_quality,pruning_unstructured,A_numeric_change,False,False,False
facebook/opt-125m,attention_int8_fake,quantization_int8_fake_per_row,bf16,attention_only,complete,,0.0,0.0,42.31316136631652,-0.13730664771016,0.0030522507266141,0.0010801449388964,0.95,0.8517361111938954,238.875,True,modelos_opt_complementar_lacunas_2026-09-17,103,model_quality,int8_fake,A_numeric_change,True,True,True
facebook/opt-125m,blocks_pruning_50,pruning_magnitude,bf16,transformer_blocks,complete,,0.5,0.5,191.77824037958024,352.61311119885585,1.5390777170658112,0.7011539369821549,0.55,0.0901212366297841,238.875,False,modelos_opt_complementar_lacunas_2026-09-17,103,model_quality,pruning_unstructured,A_numeric_change,False,False,False
facebook/opt-125m,blocks_int8_fake,quantization_int8_fake_per_row,bf16,transformer_blocks,complete,,0.0,0.0,42.30881655126488,-0.14756078422854998,0.0047950364416465,0.0017839239706518,0.95,0.8549321345984936,238.875,True,modelos_opt_complementar_lacunas_2026-09-17,103,model_quality,int8_fake,A_numeric_change,True,True,True
facebook/opt-125m,attention_int8_weight_only,quantization_int8_weight_only,bf16,attention_only,complete,,0.0,0.0,42.332427045683055,-0.09183799047257,0.0029037348926067,0.0010267422010656,0.95,0.7884888283908367,211.9453125,True,modelos_opt_v1_2026-09-15,100,model_quality,int8_weight_only,B_physical_compression,True,True,True
facebook/opt-125m,attention_int8_dynamic,quantization_int8_dynamic,bf16,attention_only,complete,,0.0,0.0,42.74887177880589,0.8910073309154699,0.0214827178977429,0.0077452695230022,1.0,0.6047743055969477,211.9453125,True,modelos_opt_v1_2026-09-15,100,model_quality,int8_dynamic,C_physical_acceleration_candidate,True,True,True
facebook/opt-125m,blocks_int8_weight_only,quantization_int8_weight_only,bf16,transformer_blocks,complete,,0.0,0.0,42.28639878689986,-0.20046863266479,0.0046339315362274,0.0017913010262418,0.95,0.7936631940305233,158.033203125,True,modelos_opt_v1_2026-09-15,100,model_quality,int8_weight_only,B_physical_compression,True,True,True
facebook/opt-125m,blocks_int8_dynamic,quantization_int8_dynamic,bf16,transformer_blocks,complete,,0.0,0.0,42.86960076430135,1.17593810110516,0.0306692951358854,0.0122240293771028,0.95,0.4063368055969477,158.033203125,True,modelos_opt_v1_2026-09-15,100,model_quality,int8_dynamic,C_physical_acceleration_candidate,True,True,True
facebook/opt-125m,attention_pruning_2to4,pruning_2to4,fp16,attention_only,complete,,0.5,0.5,104.32565693829817,145.9865157362989,0.8103808015584946,0.3374305158853531,0.75,0.0858124999329447,215.25,False,modelos_opt_v1_2026-09-15,100,model_quality,pruning_2to4,C_physical_acceleration_candidate,False,False,False
facebook/opt-125m,blocks_pruning_2to4,pruning_2to4,fp16,transformer_blocks,complete,,0.5,0.5,425.6342252111862,903.5909009395672,2.910977029800415,1.3352907478809355,0.4,0.03359375,168.0,False,modelos_opt_v1_2026-09-15,100,model_quality,pruning_2to4,C_physical_acceleration_candidate,False,False,False
facebook/opt-350m,baseline_bf16,baseline,bf16,none,complete,,0.0,0.0,33.3448886831846,0.0,0.0,-1.4901161193847655e-09,1.0,1.0,631.70703125,True,modelos_opt_sensibilidade_350m_2026-09-19,105,model_quality,baseline,reference,True,True,True
facebook/opt-350m,baseline_fp16,baseline,fp16,none,complete,,0.0,0.0,33.332178990477665,0.0,0.0,7.450580596923829e-10,1.0,1.0,631.70703125,True,modelos_opt_v1_2026-09-15,100,model_quality,baseline,reference,True,True,True
facebook/opt-350m,attention_pruning_10,pruning_magnitude,bf16,attention_only,complete,,0.1,0.1000003814697265,33.96806740268382,1.86888828875737,0.239939284324646,0.0225957466289401,1.0,0.3347368434071541,631.70703125,True,modelos_opt_complementar_lacunas_2026-09-17,103,model_quality,pruning_unstructured,A_numeric_change,True,True,True
facebook/opt-350m,attention_pruning_25,pruning_magnitude,bf16,attention_only,complete,,0.25,0.25,35.29329510717435,5.843193667556941,0.8202111385762691,0.0499269971624016,0.9,0.2341550381854176,631.70703125,False,modelos_opt_complementar_lacunas_2026-09-17,103,model_quality,pruning_unstructured,A_numeric_change,False,False,True
facebook/opt-350m,attention_pruning_50,pruning_magnitude,bf16,attention_only,complete,,0.5,0.5,50.66751305259748,51.94986414259184,2.588002555072308,0.2506359461694956,0.85,0.1924780700355768,631.70703125,False,modelos_opt_complementar_lacunas_2026-09-17,103,model_quality,pruning_unstructured,A_numeric_change,False,False,False
facebook/opt-350m,attention_pruning_75,pruning_magnitude,bf16,attention_only,complete,,0.75,0.75,565.4300062305973,1595.7021857318011,44.84745517969132,1.216581892967224,0.4,0.0456030700355768,631.70703125,False,modelos_opt_complementar_lacunas_2026-09-17,103,model_quality,pruning_unstructured,A_numeric_change,False,False,False
facebook/opt-350m,attention_int8_fake,quantization_int8_fake_per_row,bf16,attention_only,complete,,0.0,0.0,33.34848825851116,0.01079498378524,0.0059872819809243,0.0009841065621003,1.0,0.8519208163022995,631.70703125,True,modelos_opt_complementar_lacunas_2026-09-17,103,model_quality,int8_fake,A_numeric_change,True,True,True
facebook/opt-350m,blocks_pruning_50,pruning_magnitude,bf16,transformer_blocks,complete,,0.5,0.5,131.1549505249908,293.3285001222108,10.22776499390602,0.5687209114432334,0.55,0.0686732459813356,631.70703125,False,modelos_opt_complementar_lacunas_2026-09-17,103,model_quality,pruning_unstructured,A_numeric_change,False,False,False
facebook/opt-350m,blocks_int8_fake,quantization_int8_fake_per_row,bf16,transformer_blocks,complete,,0.0,0.0,33.360011225982284,0.0453519066786,0.0124626119155436,0.0012836089823395,1.0,0.7760279595851898,631.70703125,True,modelos_opt_complementar_lacunas_2026-09-17,103,model_quality,int8_fake,A_numeric_change,True,True,True
facebook/opt-350m,attention_int8_weight_only,quantization_int8_weight_only,bf16,attention_only,complete,,0.0,0.0,33.38611971259852,0.12365022359397,0.0101248222403228,0.0010399160935776,1.0,0.7635279595851898,535.89453125,True,modelos_opt_v1_2026-09-15,100,model_quality,int8_weight_only,B_physical_compression,True,True,True
facebook/opt-350m,attention_int8_dynamic,quantization_int8_dynamic,bf16,attention_only,complete,,0.0,0.0,33.33278768739035,-0.03629040693229,0.4961908783763647,0.0175892171449959,1.0,0.3602987945079803,535.89453125,True,modelos_opt_v1_2026-09-15,100,model_quality,int8_dynamic,C_physical_acceleration_candidate,True,True,True
facebook/opt-350m,blocks_int8_weight_only,quantization_int8_weight_only,bf16,transformer_blocks,complete,,0.0,0.0,33.39850856525283,0.1608039018444,0.0098698196234181,0.0013853226846549,1.0,0.7502467095851898,344.12890625,True,modelos_opt_v1_2026-09-15,100,model_quality,int8_weight_only,B_physical_compression,True,True,True
facebook/opt-350m,blocks_int8_dynamic,quantization_int8_dynamic,bf16,transformer_blocks,complete,,0.0,0.0,33.56827914164659,0.66993913395381,0.2658367987722158,0.0282109013292938,1.0,0.3536622811108827,344.12890625,True,modelos_opt_v1_2026-09-15,100,model_quality,int8_dynamic,C_physical_acceleration_candidate,True,True,True
facebook/opt-350m,attention_pruning_2to4,pruning_2to4,fp16,attention_only,complete,,0.5,0.5,64.03190121750185,92.10235621197907,6.931484124064445,0.319907309487462,0.75,0.0863541670143604,547.70703125,False,modelos_opt_v1_2026-09-15,100,model_quality,pruning_2to4,C_physical_acceleration_candidate,False,False,False
facebook/opt-350m,blocks_pruning_2to4,pruning_2to4,fp16,transformer_blocks,complete,,0.5,0.5,376.9690615838164,1030.9463497466186,13.29026757478714,1.2508855059742927,0.4,0.0676041670143604,379.70703125,False,modelos_opt_v1_2026-09-15,100,model_quality,pruning_2to4,C_physical_acceleration_candidate,False,False,False
facebook/opt-1.3b,baseline_bf16,baseline,bf16,none,complete,,0.0,0.0,21.393936939911445,0.0,0.0,-2.6077032089233397e-09,1.0,1.0,2509.609375,True,modelos_opt_sensibilidade_1_3b_2026-09-19,106,model_quality,baseline,reference,True,True,True
facebook/opt-1.3b,baseline_fp16,baseline,fp16,none,complete,,0.0,0.0,21.388116623852,0.0,0.0,7.450580596923829e-10,1.0,1.0,2509.609375,True,modelos_opt_v1_2026-09-15,100,model_quality,baseline,reference,True,True,True
facebook/opt-1.3b,attention_pruning_10,pruning_magnitude,bf16,attention_only,complete,,0.1,0.0999999046325683,21.4236942888926,0.13909244037098,0.0455370512790977,0.0232726312475278,0.95,0.3378125011920929,2509.609375,True,modelos_opt_complementar_lacunas_2026-09-17,103,model_quality,pruning_unstructured,A_numeric_change,True,True,True
facebook/opt-1.3b,attention_pruning_25,pruning_magnitude,bf16,attention_only,complete,,0.25,0.25,22.503964587881143,5.18851509699875,0.1539504207670688,0.0593141176970675,0.9,0.2556250005960464,2509.609375,False,modelos_opt_complementar_lacunas_2026-09-17,103,model_quality,pruning_unstructured,A_numeric_change,False,False,True
facebook/opt-1.3b,attention_pruning_50,pruning_magnitude,bf16,attention_only,complete,,0.5,0.5,28.643750975466485,33.887236631188514,0.7304480656981468,0.2281176175922155,0.8,0.1264062501490116,2509.609375,False,modelos_opt_complementar_lacunas_2026-09-17,103,model_quality,pruning_unstructured,A_numeric_change,False,False,False
facebook/opt-1.3b,attention_pruning_75,pruning_magnitude,bf16,attention_only,complete,,0.75,0.75,221.35472819442128,934.6610295063227,1.6992193937301636,0.7275963202118874,0.65,0.046875,2509.609375,False,modelos_opt_complementar_lacunas_2026-09-17,103,model_quality,pruning_unstructured,A_numeric_change,False,False,False
facebook/opt-1.3b,attention_int8_fake,quantization_int8_fake_per_row,bf16,attention_only,complete,,0.0,0.0,21.383933993353576,-0.04675598785751,0.0054534895927645,0.0012868700738181,1.0,0.7026562511920929,2509.609375,True,modelos_opt_complementar_lacunas_2026-09-17,103,model_quality,int8_fake,A_numeric_change,True,True,True
facebook/opt-1.3b,blocks_pruning_50,pruning_magnitude,bf16,transformer_blocks,complete,,0.5,0.5,3866.8153127872793,17974.351268996892,2.344238954782486,1.0625294402241707,0.55,0.0508670346811413,2509.609375,False,modelos_opt_complementar_lacunas_2026-09-17,103,model_quality,pruning_unstructured,A_numeric_change,False,False,False
facebook/opt-1.3b,blocks_int8_fake,quantization_int8_fake_per_row,bf16,transformer_blocks,complete,,0.0,0.0,21.37172626877523,-0.1038175965396,0.0066668596700765,0.0021578383108135,1.0,0.6804803252220154,2509.609375,True,modelos_opt_complementar_lacunas_2026-09-17,103,model_quality,int8_fake,A_numeric_change,True,True,True
facebook/opt-1.3b,attention_int8_weight_only,quantization_int8_weight_only,bf16,attention_only,complete,,0.0,0.0,21.41477416479824,0.09739780455237,0.006279224762693,0.0013771768077276,1.0,0.8114583328366279,2125.984375,True,modelos_opt_v1_2026-09-15,100,model_quality,int8_weight_only,B_physical_compression,True,True,True
facebook/opt-1.3b,attention_int8_dynamic,quantization_int8_dynamic,bf16,attention_only,complete,,0.0,0.0,22.273944234625837,4.11334901652762,0.4397584795951843,0.097747138235718,0.8,0.1060937501490116,2125.984375,False,modelos_opt_v1_2026-09-15,100,model_quality,int8_dynamic,C_physical_acceleration_candidate,False,True,True
facebook/opt-1.3b,blocks_int8_weight_only,quantization_int8_weight_only,bf16,transformer_blocks,complete,,0.0,0.0,21.37567255554018,-0.08537177810031,0.0081694259075447,0.0020928089041262,1.0,0.7087500005960464,1358.453125,True,modelos_opt_v1_2026-09-15,100,model_quality,int8_weight_only,B_physical_compression,True,True,True
facebook/opt-1.3b,blocks_int8_dynamic,quantization_int8_dynamic,bf16,transformer_blocks,complete,,0.0,0.0,21.894448531179957,2.33950204057478,0.3449485294520855,0.0796396177262067,0.8,0.0890625001862645,1358.453125,False,modelos_opt_v1_2026-09-15,100,model_quality,int8_dynamic,C_physical_acceleration_candidate,False,True,True
facebook/opt-1.3b,attention_pruning_2to4,pruning_2to4,fp16,attention_only,complete,,0.5,0.5,31.44290820193152,47.011112548668436,0.3795500092208385,0.147183886077255,0.85,0.19296875,2173.609375,False,modelos_opt_v1_2026-09-15,100,model_quality,pruning_2to4,C_physical_acceleration_candidate,False,False,False
facebook/opt-1.3b,blocks_pruning_2to4,pruning_2to4,fp16,transformer_blocks,complete,,0.5,0.5,272.38377031108206,1173.5285443848763,1.7443446815013883,0.817924688756466,0.65,0.048306381329894,1501.609375,False,modelos_opt_v1_2026-09-15,100,model_quality,pruning_2to4,C_physical_acceleration_candidate,False,False,False
facebook/opt-2.7b,baseline_bf16,baseline,bf16,none,complete,,0.0,0.0,18.17803210104967,0.0,0.0,-1.4901161193847655e-09,1.0,1.0,5057.51953125,True,modelos_opt_complementar_lacunas_2026-09-17,103,model_quality,baseline,reference,True,True,True
facebook/opt-2.7b,baseline_fp16,baseline,fp16,none,complete,,0.0,0.0,18.207474437166475,0.0,0.0,3.725290298461913e-10,1.0,1.0,5057.51953125,True,modelos_opt_2_7b_2026-09-15,101,model_quality,baseline,reference,True,True,True
facebook/opt-2.7b,attention_pruning_10,pruning_magnitude,bf16,attention_only,complete,,0.1,0.1,18.382600272943545,1.12535928397916,0.2438358483836054,0.0146409192238934,1.0,0.4796875,5057.51953125,True,modelos_opt_complementar_lacunas_2026-09-17,103,model_quality,pruning_unstructured,A_numeric_change,True,True,True
facebook/opt-2.7b,attention_pruning_25,pruning_magnitude,bf16,attention_only,complete,,0.25,0.25,19.13588909834085,5.26931073708398,0.5186970479786396,0.0357528400141745,0.85,0.403125,5057.51953125,False,modelos_opt_complementar_lacunas_2026-09-17,103,model_quality,pruning_unstructured,A_numeric_change,False,False,True
facebook/opt-2.7b,attention_pruning_50,pruning_magnitude,bf16,attention_only,complete,,0.5,0.5,41.530459235353206,128.46510009713913,1.7146550759673118,0.4061330352909863,0.7,0.1306261777877807,5057.51953125,False,modelos_opt_complementar_lacunas_2026-09-17,103,model_quality,pruning_unstructured,A_numeric_change,False,False,False
facebook/opt-2.7b,attention_pruning_75,pruning_magnitude,bf16,attention_only,complete,,0.75,0.75,391.8358237684338,2055.545889622495,6.136519289016723,1.6827072136104106,0.55,0.0301339287310838,5057.51953125,False,modelos_opt_complementar_lacunas_2026-09-17,103,model_quality,pruning_unstructured,A_numeric_change,False,False,False
facebook/opt-2.7b,attention_int8_fake,quantization_int8_fake_per_row,bf16,attention_only,complete,,0.0,0.0,18.238395969588456,0.33207042546317,0.0032848821196239,0.0012694774195551,0.95,0.59296875,5057.51953125,True,modelos_opt_complementar_lacunas_2026-09-17,103,model_quality,int8_fake,A_numeric_change,True,True,True
facebook/opt-2.7b,blocks_pruning_50,pruning_magnitude,bf16,transformer_blocks,complete,,0.5,0.5,60.28978411478091,231.6628762653552,2.315462106466293,0.7981880575418472,0.6,0.0680837396532297,5057.51953125,False,modelos_opt_complementar_lacunas_2026-09-17,103,model_quality,pruning_unstructured,A_numeric_change,False,False,False
facebook/opt-2.7b,blocks_int8_fake,quantization_int8_fake_per_row,bf16,transformer_blocks,complete,,0.0,0.0,18.1876738362928,0.05304058871462,0.004488271503942,0.0012191996676847,1.0,0.56640625,5057.51953125,True,modelos_opt_complementar_lacunas_2026-09-17,103,model_quality,int8_fake,A_numeric_change,True,True,True
facebook/opt-2.7b,attention_int8_weight_only,quantization_int8_weight_only,bf16,attention_only,complete,,0.0,0.0,18.235790325599684,0.31773639868684,0.002690471423557,0.0010383641652879,1.0,0.79296875,4258.14453125,True,modelos_opt_2_7b_2026-09-15,101,model_quality,int8_weight_only,B_physical_compression,True,True,True
facebook/opt-2.7b,attention_int8_dynamic,quantization_int8_dynamic,bf16,attention_only,complete,,0.0,0.0,18.954860838261723,4.27344793371333,1.6802503421902657,0.0945807652547955,0.8,0.1171875,4258.14453125,False,modelos_opt_2_7b_2026-09-15,101,model_quality,int8_dynamic,C_physical_acceleration_candidate,False,True,True
facebook/opt-2.7b,blocks_int8_weight_only,quantization_int8_weight_only,bf16,transformer_blocks,complete,,0.0,0.0,18.18592328326293,0.04341054174288,0.0042019889748189,0.0014279881448601,1.0,0.63125,2658.92578125,True,modelos_opt_2_7b_2026-09-15,101,model_quality,int8_weight_only,B_physical_compression,True,True,True
facebook/opt-2.7b,blocks_int8_dynamic,quantization_int8_dynamic,bf16,transformer_blocks,complete,,0.0,0.0,18.980512584718703,4.41456192401981,0.465625075995922,0.1396967268548906,0.8,0.10859375,2658.92578125,False,modelos_opt_2_7b_2026-09-15,101,model_quality,int8_dynamic,C_physical_acceleration_candidate,False,True,True
facebook/opt-2.7b,attention_pruning_2to4,pruning_2to4,fp16,attention_only,complete,,0.5,0.5,27.669754720749363,51.969208119648734,1.818259119987488,0.2277872448787093,0.7,0.1995975390076637,4357.51953125,False,modelos_opt_2_7b_2026-09-15,101,model_quality,pruning_2to4,C_physical_acceleration_candidate,False,False,False
facebook/opt-2.7b,blocks_pruning_2to4,pruning_2to4,fp16,transformer_blocks,complete,,0.5,0.5,519.0741139884922,2750.884760430688,5.476041066646576,2.0650147587060927,0.3,0.0394965277984738,2957.51953125,False,modelos_opt_2_7b_2026-09-15,101,model_quality,pruning_2to4,C_physical_acceleration_candidate,False,False,False
facebook/opt-6.7b,baseline_bf16,baseline,bf16,none,complete,,0.0,0.0,15.34603333272162,0.0,0.0,-3.725290298461913e-10,1.0,1.0,12700.03125,True,modelos_opt_6_7b_complementar_lacunas_2026-09-17,104,model_quality,baseline,reference,True,True,True
facebook/opt-6.7b,baseline_fp16,baseline,fp16,none,complete,,0.0,0.0,15.35147850520878,0.0,0.0,-1.4901161193847655e-09,1.0,1.0,12700.03125,True,modelos_opt_6_7b_2026-09-16,102,model_quality,baseline,reference,True,True,True
facebook/opt-6.7b,attention_pruning_10,pruning_magnitude,bf16,attention_only,complete,,0.1,0.1000000238418579,15.420981831602925,0.48839004357885,0.0511799956671893,0.0214326694840565,0.9,0.4652083337306976,12700.03125,True,modelos_opt_6_7b_complementar_lacunas_2026-09-17,104,model_quality,pruning_unstructured,A_numeric_change,True,True,True
facebook/opt-6.7b,attention_pruning_25,pruning_magnitude,bf16,attention_only,complete,,0.25,0.25,15.813000788145098,3.0429195955659902,0.0817692941054701,0.043762667174451,0.95,0.2953125,12700.03125,True,modelos_opt_6_7b_complementar_lacunas_2026-09-17,104,model_quality,pruning_unstructured,A_numeric_change,False,True,True
facebook/opt-6.7b,attention_pruning_50,pruning_magnitude,bf16,attention_only,complete,,0.5,0.5,23.11027608582384,50.59446037137747,0.3945189386606216,0.1420107799582183,0.75,0.20546875,12700.03125,False,modelos_opt_6_7b_complementar_lacunas_2026-09-17,104,model_quality,pruning_unstructured,A_numeric_change,False,False,False
facebook/opt-6.7b,attention_pruning_75,pruning_magnitude,bf16,attention_only,complete,,0.75,0.75,219.233111803361,1328.5979122429026,2.193919071555137,1.0962739296257495,0.55,0.0421875,12700.03125,False,modelos_opt_6_7b_complementar_lacunas_2026-09-17,104,model_quality,pruning_unstructured,A_numeric_change,False,False,False
facebook/opt-6.7b,attention_int8_fake,quantization_int8_fake_per_row,bf16,attention_only,complete,,0.0,0.0,15.353899093965577,0.0512559895669,0.0018985324481036,0.0008779315612628,1.0,0.77265625,12700.03125,True,modelos_opt_6_7b_complementar_lacunas_2026-09-17,104,model_quality,int8_fake,A_numeric_change,True,True,True
facebook/opt-6.7b,blocks_pruning_50,pruning_magnitude,bf16,transformer_blocks,complete,,0.5,0.5,1035.1942636193228,6645.679754337735,2.943596237897873,2.103465797007084,0.35,0.0296875,12700.03125,False,modelos_opt_6_7b_complementar_lacunas_2026-09-17,104,model_quality,pruning_unstructured,A_numeric_change,False,False,False
facebook/opt-6.7b,blocks_int8_fake,quantization_int8_fake_per_row,bf16,transformer_blocks,complete,,0.0,0.0,15.34215808844998,-0.025252416618810003,0.0026750936056487,0.0010987849353114,1.0,0.825,12700.03125,True,modelos_opt_6_7b_complementar_lacunas_2026-09-17,104,model_quality,int8_fake,A_numeric_change,True,True,True
facebook/opt-6.7b,attention_int8_weight_only,quantization_int8_weight_only,bf16,attention_only,complete,,0.0,0.0,15.345495787397716,-0.003502829117152384,0.0020621773612219,0.0009594171431672,1.0,0.79921875,10653.03125,True,modelos_opt_6_7b_2026-09-16,102,model_quality,int8_weight_only,B_physical_compression,True,True,True
facebook/opt-6.7b,attention_int8_dynamic,quantization_int8_dynamic,bf16,attention_only,complete,,0.0,0.0,16.65864198506467,8.553406759154079,0.2260622717440128,0.1132916542701423,0.85,0.2829927891492844,10653.03125,False,modelos_opt_6_7b_2026-09-16,102,model_quality,int8_dynamic,C_physical_acceleration_candidate,False,False,True
facebook/opt-6.7b,blocks_int8_weight_only,quantization_int8_weight_only,bf16,transformer_blocks,complete,,0.0,0.0,15.343731332756384,-0.01500061882655,0.0026357364840805,0.0010579442590824,1.0,0.84453125,6558.28125,True,modelos_opt_6_7b_2026-09-16,102,model_quality,int8_weight_only,B_physical_compression,True,True,True
facebook/opt-6.7b,blocks_int8_dynamic,quantization_int8_dynamic,bf16,transformer_blocks,complete,,0.0,0.0,40.67493109639149,165.05175777027836,3.9423667967319487,2.7125830471515657,0.3,0.04375,6558.28125,False,modelos_opt_6_7b_2026-09-16,102,model_quality,int8_dynamic,C_physical_acceleration_candidate,False,False,False
facebook/opt-6.7b,attention_pruning_2to4,pruning_2to4,fp16,attention_only,complete,,0.5,0.5,21.311124666726705,38.82131717473209,0.4104260981082916,0.1399798167869448,0.75,0.2197610296308994,10908.03125,False,modelos_opt_6_7b_2026-09-16,102,model_quality,pruning_2to4,C_physical_acceleration_candidate,False,False,False
facebook/opt-6.7b,blocks_pruning_2to4,pruning_2to4,fp16,transformer_blocks,complete,,0.5,0.5,168.0966517454086,994.9867251442467,2.5873146414756776,1.7664603739976883,0.4,0.0359375,7324.03125,False,modelos_opt_6_7b_2026-09-16,102,model_quality,pruning_2to4,C_physical_acceleration_candidate,False,False,False
facebook/opt-350m,int8dyn_attention_all,quantization_int8_dynamic,bf16,attention_only,complete,,0.0,0.0,33.33278768739035,-0.03629040693229,0.4961908783763647,0.0175892171449959,1.0,0.3602987945079803,535.89453125,True,modelos_opt_sensibilidade_350m_2026-09-19,105,model_quality,other,unclassified,True,True,True
facebook/opt-350m,int8dyn_mlp_all,quantization_int8_dynamic,bf16,transformer_blocks,complete,,0.0,0.0,33.47456236820939,0.38888624357646,0.1003652025945484,0.0080078739440068,1.0,0.3186920430511236,439.94140625,True,modelos_opt_sensibilidade_350m_2026-09-19,105,model_quality,other,unclassified,True,True,True
facebook/opt-350m,int8dyn_attention_layers_0_7,quantization_int8_dynamic,bf16,attention_only,complete,,0.0,0.0,33.22816054298812,-0.35006306755296,0.035576060344465,0.0028816264151828,1.0,0.5909539476037026,599.76953125,True,modelos_opt_sensibilidade_350m_2026-09-19,105,model_quality,other,unclassified,True,True,True
facebook/opt-350m,int8dyn_attention_layers_8_15,quantization_int8_dynamic,bf16,attention_only,complete,,0.0,0.0,33.37144903864108,0.07965345366371,0.058896072441712,0.0040391615300904,1.0,0.4714935995638371,599.76953125,True,modelos_opt_sensibilidade_350m_2026-09-19,105,model_quality,other,unclassified,True,True,True
facebook/opt-350m,int8dyn_attention_layers_16_23,quantization_int8_dynamic,bf16,attention_only,complete,,0.0,0.0,33.52833518883884,0.55014880210635,0.1930731264874339,0.013207203708589,1.0,0.4453669540584087,599.76953125,True,modelos_opt_sensibilidade_350m_2026-09-19,105,model_quality,other,unclassified,True,True,True
facebook/opt-350m,int8dyn_mlp_layers_0_7,quantization_int8_dynamic,bf16,transformer_blocks,complete,,0.0,0.0,33.444422017146614,0.29849652493278,0.023900659487117,0.0015040834376122,1.0,0.6264555931091309,567.78515625,True,modelos_opt_sensibilidade_350m_2026-09-19,105,model_quality,other,unclassified,True,True,True
facebook/opt-350m,int8dyn_mlp_layers_8_15,quantization_int8_dynamic,bf16,transformer_blocks,complete,,0.0,0.0,33.26391661279855,-0.24283203088597,0.0635047943796962,0.0037412981851957,1.0,0.5405427634716033,567.78515625,True,modelos_opt_sensibilidade_350m_2026-09-19,105,model_quality,other,unclassified,True,True,True
facebook/opt-350m,int8dyn_mlp_layers_16_23,quantization_int8_dynamic,bf16,transformer_blocks,complete,,0.0,0.0,33.63981373136886,0.8844685342524101,0.0315335477236658,0.0052545412909239,1.0,0.4424780700355768,567.78515625,True,modelos_opt_sensibilidade_350m_2026-09-19,105,model_quality,other,unclassified,True,True,True
facebook/opt-1.3b,int8dyn_attention_all,quantization_int8_dynamic,bf16,attention_only,complete,,0.0,0.0,22.273944234625837,4.11334901652762,0.4397584795951843,0.097747138235718,0.8,0.1060937501490116,2125.984375,False,modelos_opt_sensibilidade_1_3b_2026-09-19,106,model_quality,other,unclassified,False,True,True
facebook/opt-1.3b,int8dyn_mlp_all,quantization_int8_dynamic,bf16,transformer_blocks,complete,,0.0,0.0,21.15895955295836,-1.09833635395419,0.1539297595620155,0.0553210591897368,0.95,0.185575658082962,1742.078125,True,modelos_opt_sensibilidade_1_3b_2026-09-19,106,model_quality,other,unclassified,True,True,True
facebook/opt-1.3b,int8dyn_attention_layers_0_7,quantization_int8_dynamic,bf16,attention_only,complete,,0.0,0.0,21.378248919494663,-0.07332928231416,0.0588444636203348,0.0219082056777551,0.9,0.2342187501490116,2381.734375,True,modelos_opt_sensibilidade_1_3b_2026-09-19,106,model_quality,other,unclassified,True,True,True
facebook/opt-1.3b,int8dyn_attention_layers_8_15,quantization_int8_dynamic,bf16,attention_only,complete,,0.0,0.0,21.35087199291233,-0.20129510113105997,0.0303795115090906,0.0121516725514084,0.9,0.4859375,2381.734375,True,modelos_opt_sensibilidade_1_3b_2026-09-19,106,model_quality,other,unclassified,True,True,True
facebook/opt-1.3b,int8dyn_attention_layers_16_23,quantization_int8_dynamic,bf16,attention_only,complete,,0.0,0.0,22.317175365588565,4.31542089831429,0.3574580281972885,0.0492362083867192,0.75,0.1431250005960464,2381.734375,False,modelos_opt_sensibilidade_1_3b_2026-09-19,106,model_quality,other,unclassified,False,True,True
facebook/opt-1.3b,int8dyn_mlp_layers_0_7,quantization_int8_dynamic,bf16,transformer_blocks,complete,,0.0,0.0,21.15371341150085,-1.12285798114346,0.1261154782027006,0.0432324370369315,0.95,0.2131622025743126,2253.765625,True,modelos_opt_sensibilidade_1_3b_2026-09-19,106,model_quality,other,unclassified,True,True,True
facebook/opt-1.3b,int8dyn_mlp_layers_8_15,quantization_int8_dynamic,bf16,transformer_blocks,complete,,0.0,0.0,21.22379876797642,-0.79526350111663,0.0346435748040676,0.0111412234662566,0.95,0.31015625,2253.765625,True,modelos_opt_sensibilidade_1_3b_2026-09-19,106,model_quality,other,unclassified,True,True,True
facebook/opt-1.3b,int8dyn_mlp_layers_16_23,quantization_int8_dynamic,bf16,transformer_blocks,complete,,0.0,0.0,21.4339441177215,0.18700241064757,0.0282479009591043,0.0077763631357811,0.9,0.6365624994039536,2253.765625,True,modelos_opt_sensibilidade_1_3b_2026-09-19,106,model_quality,other,unclassified,True,True,True
