model_id,scenario,kind,comparison_group,optimization_scope,status,skip_reason,pruning_sparsity,observed_sparsity,perplexity,perplexity_increase_percent,logits_mse,logits_kl_divergence,top1_agreement,generated_token_agreement,storage_megabytes,quality_acceptable,canonical_source,canonical_source_priority,canonical_table,canonical_duplicate_resolution
facebook/opt-125m,baseline_bf16,baseline,bf16,none,complete,,0.0,0.0,42.37134003290558,0.0,0.0,0.0,1.0,1.0,238.875,True,modelos_opt_v1_2026-09-15,100,model_quality,replaced_by_higher_or_equal_priority
facebook/opt-125m,attention_pruning_10,pruning_magnitude,bf16,attention_only,complete,,0.1,0.0999993218315972,42.98215686906553,1.4415801711382898,0.0374164379201829,0.0125084152328781,1.0,0.6074818842113018,238.875,True,modelos_opt_v1_2026-09-15,100,model_quality,replaced_by_higher_or_equal_priority
facebook/opt-125m,attention_pruning_25,pruning_magnitude,bf16,attention_only,complete,,0.25,0.25,44.73474755587736,5.57784464955879,0.09753008056432,0.0319840651936829,0.9,0.2406923078000545,238.875,False,modelos_opt_v1_2026-09-15,100,model_quality,replaced_by_higher_or_equal_priority
facebook/opt-125m,attention_pruning_50,pruning_magnitude,bf16,attention_only,complete,,0.5,0.5,65.79627975836252,55.28486875153143,0.4041911289095878,0.1446427850052714,0.9,0.1730486110784113,238.875,False,modelos_opt_v1_2026-09-15,100,model_quality,replaced_by_higher_or_equal_priority
facebook/opt-125m,attention_pruning_75,pruning_magnitude,bf16,attention_only,complete,,0.75,0.75,622.1635710320973,1368.359439538436,2.4420596837997435,1.271493637561798,0.45,0.04453125,238.875,False,modelos_opt_v1_2026-09-15,100,model_quality,replaced_by_higher_or_equal_priority
facebook/opt-125m,attention_int8_fake,quantization_int8_fake_per_row,bf16,attention_only,complete,,0.0,0.0,42.31316136631652,-0.13730664771016,0.0030522507266141,0.0010801449388964,0.95,0.8517361111938954,238.875,True,modelos_opt_v1_2026-09-15,100,model_quality,replaced_by_higher_or_equal_priority
facebook/opt-125m,blocks_pruning_50,pruning_magnitude,bf16,transformer_blocks,complete,,0.5,0.5,191.77824037958024,352.61311119885585,1.5390777170658112,0.7011539369821549,0.55,0.0901212366297841,238.875,False,modelos_opt_v1_2026-09-15,100,model_quality,replaced_by_higher_or_equal_priority
facebook/opt-125m,blocks_int8_fake,quantization_int8_fake_per_row,bf16,transformer_blocks,complete,,0.0,0.0,42.30881655126488,-0.14756078422854998,0.0047950364416465,0.0017839239706518,0.95,0.8549321345984936,238.875,True,modelos_opt_v1_2026-09-15,100,model_quality,replaced_by_higher_or_equal_priority
facebook/opt-350m,baseline_bf16,baseline,bf16,none,complete,,0.0,0.0,33.3448886831846,0.0,0.0,-1.4901161193847655e-09,1.0,1.0,631.70703125,True,modelos_opt_v1_2026-09-15,100,model_quality,replaced_by_higher_or_equal_priority
facebook/opt-350m,attention_pruning_10,pruning_magnitude,bf16,attention_only,complete,,0.1,0.1000003814697265,33.96806740268382,1.86888828875737,0.239939284324646,0.0225957466289401,1.0,0.3347368434071541,631.70703125,True,modelos_opt_v1_2026-09-15,100,model_quality,replaced_by_higher_or_equal_priority
facebook/opt-350m,attention_pruning_25,pruning_magnitude,bf16,attention_only,complete,,0.25,0.25,35.29329510717435,5.843193667556941,0.8202111385762691,0.0499269971624016,0.9,0.2341550381854176,631.70703125,False,modelos_opt_v1_2026-09-15,100,model_quality,replaced_by_higher_or_equal_priority
facebook/opt-350m,attention_pruning_50,pruning_magnitude,bf16,attention_only,complete,,0.5,0.5,50.66751305259748,51.94986414259184,2.588002555072308,0.2506359461694956,0.85,0.1924780700355768,631.70703125,False,modelos_opt_v1_2026-09-15,100,model_quality,replaced_by_higher_or_equal_priority
facebook/opt-350m,attention_pruning_75,pruning_magnitude,bf16,attention_only,complete,,0.75,0.75,565.4300062305973,1595.7021857318011,44.84745517969132,1.216581892967224,0.4,0.0456030700355768,631.70703125,False,modelos_opt_v1_2026-09-15,100,model_quality,replaced_by_higher_or_equal_priority
facebook/opt-350m,attention_int8_fake,quantization_int8_fake_per_row,bf16,attention_only,complete,,0.0,0.0,33.34848825851116,0.01079498378524,0.0059872819809243,0.0009841065621003,1.0,0.8519208163022995,631.70703125,True,modelos_opt_v1_2026-09-15,100,model_quality,replaced_by_higher_or_equal_priority
facebook/opt-350m,blocks_pruning_50,pruning_magnitude,bf16,transformer_blocks,complete,,0.5,0.5,131.1549505249908,293.3285001222108,10.22776499390602,0.5687209114432334,0.55,0.0686732459813356,631.70703125,False,modelos_opt_v1_2026-09-15,100,model_quality,replaced_by_higher_or_equal_priority
facebook/opt-350m,blocks_int8_fake,quantization_int8_fake_per_row,bf16,transformer_blocks,complete,,0.0,0.0,33.360011225982284,0.0453519066786,0.0124626119155436,0.0012836089823395,1.0,0.7760279595851898,631.70703125,True,modelos_opt_v1_2026-09-15,100,model_quality,replaced_by_higher_or_equal_priority
facebook/opt-1.3b,baseline_bf16,baseline,bf16,none,complete,,0.0,0.0,21.393936939911445,0.0,0.0,-2.6077032089233397e-09,1.0,1.0,2509.609375,True,modelos_opt_v1_2026-09-15,100,model_quality,replaced_by_higher_or_equal_priority
facebook/opt-1.3b,attention_pruning_10,pruning_magnitude,bf16,attention_only,complete,,0.1,0.0999999046325683,21.4236942888926,0.13909244037098,0.0455370512790977,0.0232726312475278,0.95,0.3378125011920929,2509.609375,True,modelos_opt_v1_2026-09-15,100,model_quality,replaced_by_higher_or_equal_priority
facebook/opt-1.3b,attention_pruning_25,pruning_magnitude,bf16,attention_only,complete,,0.25,0.25,22.503964587881143,5.18851509699875,0.1539504207670688,0.0593141176970675,0.9,0.2556250005960464,2509.609375,False,modelos_opt_v1_2026-09-15,100,model_quality,replaced_by_higher_or_equal_priority
facebook/opt-1.3b,attention_pruning_50,pruning_magnitude,bf16,attention_only,complete,,0.5,0.5,28.643750975466485,33.887236631188514,0.7304480656981468,0.2281176175922155,0.8,0.1264062501490116,2509.609375,False,modelos_opt_v1_2026-09-15,100,model_quality,replaced_by_higher_or_equal_priority
facebook/opt-1.3b,attention_pruning_75,pruning_magnitude,bf16,attention_only,complete,,0.75,0.75,221.35472819442128,934.6610295063227,1.6992193937301636,0.7275963202118874,0.65,0.046875,2509.609375,False,modelos_opt_v1_2026-09-15,100,model_quality,replaced_by_higher_or_equal_priority
facebook/opt-1.3b,attention_int8_fake,quantization_int8_fake_per_row,bf16,attention_only,complete,,0.0,0.0,21.383933993353576,-0.04675598785751,0.0054534895927645,0.0012868700738181,1.0,0.7026562511920929,2509.609375,True,modelos_opt_v1_2026-09-15,100,model_quality,replaced_by_higher_or_equal_priority
facebook/opt-1.3b,blocks_pruning_50,pruning_magnitude,bf16,transformer_blocks,complete,,0.5,0.5,3866.8153127872793,17974.351268996892,2.344238954782486,1.0625294402241707,0.55,0.0508670346811413,2509.609375,False,modelos_opt_v1_2026-09-15,100,model_quality,replaced_by_higher_or_equal_priority
facebook/opt-1.3b,blocks_int8_fake,quantization_int8_fake_per_row,bf16,transformer_blocks,complete,,0.0,0.0,21.37172626877523,-0.1038175965396,0.0066668596700765,0.0021578383108135,1.0,0.6804803252220154,2509.609375,True,modelos_opt_v1_2026-09-15,100,model_quality,replaced_by_higher_or_equal_priority
facebook/opt-2.7b,baseline_bf16,baseline,bf16,none,complete,,0.0,0.0,18.17803210104967,0.0,0.0,-1.4901161193847655e-09,1.0,1.0,5057.51953125,True,modelos_opt_2_7b_2026-09-15,101,model_quality,replaced_by_higher_or_equal_priority
facebook/opt-2.7b,attention_pruning_10,pruning_magnitude,bf16,attention_only,complete,,0.1,0.1,18.382600272943545,1.12535928397916,0.2438358483836054,0.0146409192238934,1.0,0.4796875,5057.51953125,True,modelos_opt_2_7b_2026-09-15,101,model_quality,replaced_by_higher_or_equal_priority
facebook/opt-2.7b,attention_pruning_25,pruning_magnitude,bf16,attention_only,complete,,0.25,0.25,19.13588909834085,5.26931073708398,0.5186970479786396,0.0357528400141745,0.85,0.403125,5057.51953125,False,modelos_opt_2_7b_2026-09-15,101,model_quality,replaced_by_higher_or_equal_priority
facebook/opt-2.7b,attention_pruning_50,pruning_magnitude,bf16,attention_only,complete,,0.5,0.5,41.530459235353206,128.46510009713913,1.7146550759673118,0.4061330352909863,0.7,0.1306261777877807,5057.51953125,False,modelos_opt_2_7b_2026-09-15,101,model_quality,replaced_by_higher_or_equal_priority
facebook/opt-2.7b,attention_pruning_75,pruning_magnitude,bf16,attention_only,complete,,0.75,0.75,391.8358237684338,2055.545889622495,6.136519289016723,1.6827072136104106,0.55,0.0301339287310838,5057.51953125,False,modelos_opt_2_7b_2026-09-15,101,model_quality,replaced_by_higher_or_equal_priority
facebook/opt-2.7b,attention_int8_fake,quantization_int8_fake_per_row,bf16,attention_only,complete,,0.0,0.0,18.238395969588456,0.33207042546317,0.0032848821196239,0.0012694774195551,0.95,0.59296875,5057.51953125,True,modelos_opt_2_7b_2026-09-15,101,model_quality,replaced_by_higher_or_equal_priority
facebook/opt-2.7b,blocks_pruning_50,pruning_magnitude,bf16,transformer_blocks,complete,,0.5,0.5,60.28978411478091,231.6628762653552,2.315462106466293,0.7981880575418472,0.6,0.0680837396532297,5057.51953125,False,modelos_opt_2_7b_2026-09-15,101,model_quality,replaced_by_higher_or_equal_priority
facebook/opt-2.7b,blocks_int8_fake,quantization_int8_fake_per_row,bf16,transformer_blocks,complete,,0.0,0.0,18.1876738362928,0.05304058871462,0.004488271503942,0.0012191996676847,1.0,0.56640625,5057.51953125,True,modelos_opt_2_7b_2026-09-15,101,model_quality,replaced_by_higher_or_equal_priority
facebook/opt-6.7b,baseline_bf16,baseline,bf16,none,complete,,0.0,0.0,15.34603333272162,0.0,0.0,-3.725290298461913e-10,1.0,1.0,12700.03125,True,modelos_opt_6_7b_2026-09-16,102,model_quality,replaced_by_higher_or_equal_priority
facebook/opt-6.7b,attention_pruning_10,pruning_magnitude,bf16,attention_only,complete,,0.1,0.1000000238418579,15.420981831602925,0.48839004357885,0.0511799956671893,0.0214326694840565,0.9,0.4652083337306976,12700.03125,True,modelos_opt_6_7b_2026-09-16,102,model_quality,replaced_by_higher_or_equal_priority
facebook/opt-6.7b,attention_pruning_25,pruning_magnitude,bf16,attention_only,complete,,0.25,0.25,15.813000788145098,3.0429195955659902,0.0817692941054701,0.043762667174451,0.95,0.2953125,12700.03125,True,modelos_opt_6_7b_2026-09-16,102,model_quality,replaced_by_higher_or_equal_priority
facebook/opt-6.7b,attention_pruning_50,pruning_magnitude,bf16,attention_only,complete,,0.5,0.5,23.11027608582384,50.59446037137747,0.3945189386606216,0.1420107799582183,0.75,0.20546875,12700.03125,False,modelos_opt_6_7b_2026-09-16,102,model_quality,replaced_by_higher_or_equal_priority
facebook/opt-6.7b,attention_pruning_75,pruning_magnitude,bf16,attention_only,complete,,0.75,0.75,219.233111803361,1328.5979122429026,2.193919071555137,1.0962739296257495,0.55,0.0421875,12700.03125,False,modelos_opt_6_7b_2026-09-16,102,model_quality,replaced_by_higher_or_equal_priority
facebook/opt-6.7b,attention_int8_fake,quantization_int8_fake_per_row,bf16,attention_only,complete,,0.0,0.0,15.353899093965577,0.0512559895669,0.0018985324481036,0.0008779315612628,1.0,0.77265625,12700.03125,True,modelos_opt_6_7b_2026-09-16,102,model_quality,replaced_by_higher_or_equal_priority
facebook/opt-6.7b,blocks_pruning_50,pruning_magnitude,bf16,transformer_blocks,complete,,0.5,0.5,1035.1942636193228,6645.679754337735,2.943596237897873,2.103465797007084,0.35,0.0296875,12700.03125,False,modelos_opt_6_7b_2026-09-16,102,model_quality,replaced_by_higher_or_equal_priority
facebook/opt-6.7b,blocks_int8_fake,quantization_int8_fake_per_row,bf16,transformer_blocks,complete,,0.0,0.0,15.34215808844998,-0.025252416618810003,0.0026750936056487,0.0010987849353114,1.0,0.825,12700.03125,True,modelos_opt_6_7b_2026-09-16,102,model_quality,replaced_by_higher_or_equal_priority
